business_id,name,categories,latitude,longitude
osm_Vikram Hospitals_hospital,Vikram Hospitals,hospital,17.4406857,78.3916647
osm_Image Hospitals_hospital,Image Hospitals,hospital,17.4444337,78.3860746
osm_Ameerpet Government Hospital_hospital,Ameerpet Government Hospital,hospital,17.4417142,78.4478775
osm_Sri Vijaya Hospitals_hospital,Sri Vijaya Hospitals,hospital,17.4422795,78.4480341
osm_Sree Priya Multi Speciality Hospital_hospital,Sree Priya Multi Speciality Hospital,hospital,17.4415414,78.4461255
osm_Rahmat Ali hospital_hospital,Rahmat Ali hospital,hospital,17.3672265,78.4859878
osm_Satya Hospital_hospital,Satya Hospital,hospital,17.407574,78.512174
osm_Innova Children's Heart Hospital_hospital,Innova Children's Heart Hospital,hospital,17.4293162,78.533452
osm_Apollo Clinic_hospital,Apollo Clinic,hospital,17.4290954,78.5333362
osm_Vasavi ENT Hospital_hospital,Vasavi ENT Hospital,hospital,17.40681,78.4645023
osm_Mahavir Hospital and Research Centre_hospital,Mahavir Hospital and Research Centre,hospital,17.4036641,78.4570626
osm_Old Apollo Hospital_hospital,Old Apollo Hospital,hospital,17.3985586,78.4814113
osm_Krishna Children's Hospital_hospital,Krishna Children's Hospital,hospital,17.4021334,78.4625295
osm_Arogyasree Health care trust_hospital,Arogyasree Health care trust,hospital,17.4301742,78.3937323
osm_Surojini Devi Eye Hospital_hospital,Surojini Devi Eye Hospital,hospital,17.3990359,78.4447966
osm_Star Hospital_hospital,Star Hospital,hospital,17.4156911,78.4454609
osm_Rainbow Hospitals_hospital,Rainbow Hospitals,hospital,17.4148145,78.4475692
osm_Fernandez Hospital_hospital,Fernandez Hospital,hospital,17.3921498,78.4793651
osm_Remedy Hospitals_hospital,Remedy Hospitals,hospital,17.4636217,78.4567398
osm_LEAF HOSPITAL_hospital,LEAF HOSPITAL,hospital,17.4629614,78.3673949
osm_Ambicare Hospital_hospital,Ambicare Hospital,hospital,17.4535178,78.364084
osm_L.K. Diagnostic_hospital,L.K. Diagnostic,hospital,17.4512881,78.5354859
osm_L.K. Hospitals_hospital,L.K. Hospitals,hospital,17.4513853,78.5352525
osm_Dental Hospital_hospital,Dental Hospital,hospital,17.451435,78.5311968
osm_Lakshmi Childrens Hospital_hospital,Lakshmi Childrens Hospital,hospital,17.3688309,78.5301893
osm_Apollo Emergency Hospital_hospital,Apollo Emergency Hospital,hospital,17.3993955,78.4792005
osm_Omni Hospital_hospital,Omni Hospital,hospital,17.3684777,78.5387483
osm_haritha hospitals_hospital,haritha hospitals,hospital,17.4696017,78.3660584
osm_Care Clinic_hospital,Care Clinic,hospital,17.4206569,78.4481619
osm_Anupama Hospital_hospital,Anupama Hospital,hospital,17.4856038,78.3903262
osm_Anu Test Tube Centre_hospital,Anu Test Tube Centre,hospital,17.4217792,78.4602059
osm_Hope Children's Hospital_hospital,Hope Children's Hospital,hospital,17.4064283,78.4738814
osm_Swapna Health Care_hospital,Swapna Health Care,hospital,17.4291646,78.4567382
osm_OZONE HOSPITALS_hospital,OZONE HOSPITALS,hospital,17.3594287,78.5450683
osm_Asian Institute of Gastroenterology_hospital,Asian Institute of Gastroenterology,hospital,17.4211366,78.4566557
osm_Matpathy Clinic_hospital,Matpathy Clinic,hospital,17.4068493,78.3922011
osm_Lucid Clinic_hospital,Lucid Clinic,hospital,17.4979039,78.3911608
osm_Yashoda Super Speciality Hospital_hospital,Yashoda Super Speciality Hospital,hospital,17.3746556,78.4998723
osm_Tarnaka Flyover;TGSRTC Hospital_hospital,Tarnaka Flyover;TGSRTC Hospital,hospital,17.4255371,78.5306786
osm_Nova ENT Hospital_hospital,Nova ENT Hospital,hospital,17.4184365,78.457264
osm_Mamata Nursing Home_hospital,Mamata Nursing Home,hospital,17.4888555,78.3959947
osm_Kirloskar Hospital_hospital,Kirloskar Hospital,hospital,17.4036074,78.4753627
osm_ramesh eye care_hospital,ramesh eye care,hospital,17.4089088,78.4894972
osm_Tapadia Medical Centre's Eashwar Lakshmi Hospital_hospital,Tapadia Medical Centre's Eashwar Lakshmi Hospital,hospital,17.4118751,78.4888572
osm_K Prakash Rao (eye specialist)_hospital,K Prakash Rao (eye specialist),hospital,17.4073049,78.4816422
osm_Radha Rani Nursing Home_hospital,Radha Rani Nursing Home,hospital,17.40696,78.4821099
osm_Dental Care_hospital,Dental Care,hospital,17.4103854,78.4852768
osm_Sri Bhargavi Hospital_hospital,Sri Bhargavi Hospital,hospital,17.4511937,78.4208721
osm_Jaiswal Multi Speciality Hospitals_hospital,Jaiswal Multi Speciality Hospitals,hospital,17.4510973,78.4224934
osm_Government Ayurvedic Hospital_hospital,Government Ayurvedic Hospital,hospital,17.4480669,78.4337319
osm_Raghava Multi Speciality Hospital_hospital,Raghava Multi Speciality Hospital,hospital,17.4388238,78.4420946
osm_VCARE Hospitals_hospital,VCARE Hospitals,hospital,17.4385124,78.4425646
osm_Deepthi Diagnostics_hospital,Deepthi Diagnostics,hospital,17.4390074,78.4406383
osm_Healthcare Hospitals_hospital,Healthcare Hospitals,hospital,17.345698,78.549763
osm_Cygnus Institute of Gastroenterology Centre_hospital,Cygnus Institute of Gastroenterology Centre,hospital,17.4976626,78.3901045
osm_hospital_hospital,hospital,hospital,17.3526774,78.5542584
osm_Carewell Diabetes and General Hospital_hospital,Carewell Diabetes and General Hospital,hospital,17.5113399,78.4469461
osm_Sigma Hospitals_hospital,Sigma Hospitals,hospital,17.5220823,78.4431753
osm_Meena Hospital_hospital,Meena Hospital,hospital,17.44165,78.5218514
osm_Life Spring Hospitals_hospital,Life Spring Hospitals,hospital,17.4289946,78.5120703
osm_Malla Reddy Narayana Multispeciality Hospital_hospital,Malla Reddy Narayana Multispeciality Hospital,hospital,17.5439866,78.4333819
osm_Saraswathi Nursing Home_hospital,Saraswathi Nursing Home,hospital,17.4160221,78.3916108
osm_Apoolo Clinic_hospital,Apoolo Clinic,hospital,17.4599321,78.3660837
osm_Childrens Hospital_hospital,Childrens Hospital,hospital,17.516119,78.4388993
osm_ayurvedic clinic_hospital,ayurvedic clinic,hospital,17.398766,78.448595
osm_The crescent hospital_hospital,The crescent hospital,hospital,17.3985187,78.4458137
osm_RELIEF HOSPITAL_hospital,RELIEF HOSPITAL,hospital,17.3983822,78.4161649
osm_Jagadamba Hospitals_hospital,Jagadamba Hospitals,hospital,17.4115391,78.4904614
osm_med plus_hospital,med plus,hospital,17.4045834,78.4893402
osm_Century hospital_hospital,Century hospital,hospital,17.4072675,78.4442572
osm_Blood Bank_hospital,Blood Bank,hospital,17.4249205,78.4139937
osm_Med plus_hospital,Med plus,hospital,17.4044822,78.4893121
osm_CENTURY SUPER SPECIALITY HOSPITAL_hospital,CENTURY SUPER SPECIALITY HOSPITAL,hospital,17.4072495,78.4447338
"osm_Vasan Healthcare Private Limited, Himayath Nagar_hospital","Vasan Healthcare Private Limited, Himayath Nagar",hospital,17.4009037,78.4875706
osm_Asian Institute of Nephrology and Urology_hospital,Asian Institute of Nephrology and Urology,hospital,17.4166539,78.4534763
osm_Challa Hospital_hospital,Challa Hospital,hospital,17.4396192,78.450794
osm_Shresta Orange Hospitals_hospital,Shresta Orange Hospitals,hospital,17.3451071,78.5537805
osm_AMMA EYE CARE HOSPITAL_hospital,AMMA EYE CARE HOSPITAL,hospital,17.3412305,78.5581563
osm_OXYGEN AND Medicity Hospital_hospital,OXYGEN AND Medicity Hospital,hospital,17.3416722,78.5576405
osm_Pace Hospital_hospital,Pace Hospital,hospital,17.4444782,78.469498
osm_Rainbow children Hospital_hospital,Rainbow children Hospital,hospital,17.3418162,78.5588085
osm_Vasan Eye Care Hospital_hospital,Vasan Eye Care Hospital,hospital,17.4955259,78.332226
osm_KIMS HOSPITAL_hospital,KIMS HOSPITAL,hospital,17.466147,78.3677443
osm_Happy Children's Hospital_hospital,Happy Children's Hospital,hospital,17.4928587,78.327984
osm_Vanaja Hospital_hospital,Vanaja Hospital,hospital,17.4921861,78.3275773
"osm_Area Hospital, Vanasthalipuram_hospital","Area Hospital, Vanasthalipuram",hospital,17.3289104,78.563899
osm_Pushpagiri Eye Institute_hospital,Pushpagiri Eye Institute,hospital,17.4439091,78.5043433
osm_Archana Hospital_hospital,Archana Hospital,hospital,17.4959755,78.337417
osm_Health Care Clinic_hospital,Health Care Clinic,hospital,17.3448605,78.4599543
osm_Guru Nanak Care Hospital_hospital,Guru Nanak Care Hospital,hospital,17.4153976,78.4979892
osm_Tanvir Hospital_hospital,Tanvir Hospital,hospital,17.4297764,78.4340161
osm_Himagiri Hospital_hospital,Himagiri Hospital,hospital,17.4422328,78.3587144
osm_PANACEA MERIDIAN HOSPITAL_hospital,PANACEA MERIDIAN HOSPITAL,hospital,17.5087613,78.300147
osm_S.V. Pooja Hospital_hospital,S.V. Pooja Hospital,hospital,17.498762,78.384027
osm_Sri Devi Maternity & Nursing Home_hospital,Sri Devi Maternity & Nursing Home,hospital,17.4227862,78.5165968
osm_Sri Srinivasa Hospital_hospital,Sri Srinivasa Hospital,hospital,17.3506727,78.5078608
osm_Sitara medical center_hospital,Sitara medical center,hospital,17.3497123,78.4707124
osm_Anukrushna Hospitals_hospital,Anukrushna Hospitals,hospital,17.446158,78.5383502
osm_Raja Hospital_hospital,Raja Hospital,hospital,17.4943337,78.3448275
osm_NIRD heatlth centre_hospital,NIRD heatlth centre,hospital,17.3140538,78.4045957
osm_Malla Reddy Health City (MRHC)_hospital,Malla Reddy Health City (MRHC),hospital,17.5454734,78.4326051
osm_Neelima - Sanath Nagar_hospital,Neelima - Sanath Nagar,hospital,17.4564341,78.4388653
osm_Poojitha Hospital_hospital,Poojitha Hospital,hospital,17.456281,78.4369269
"osm_Apollo Dental Clinic, Hitech City_hospital","Apollo Dental Clinic, Hitech City",hospital,17.4503845,78.3825608
osm_RAJUS DENTAL_hospital,RAJUS DENTAL,hospital,17.4571109,78.5465732
osm_VINN Hospital_hospital,VINN Hospital,hospital,17.4379741,78.4563758
osm_Mahatma Sriramachandra Centenary Memorial Hospital_hospital,Mahatma Sriramachandra Centenary Memorial Hospital,hospital,17.3948133,78.4525058
osm_Nice Hospital_hospital,Nice Hospital,hospital,17.3972385,78.4562128
osm_Red Cross Nature Cure Centre_hospital,Red Cross Nature Cure Centre,hospital,17.4257981,78.4207625
osm_Goodwill Kidney and Surgical Centre_hospital,Goodwill Kidney and Surgical Centre,hospital,17.4057018,78.4508868
osm_Rohan Hospital_hospital,Rohan Hospital,hospital,17.3946344,78.4519084
osm_Primary Veternary Hospital_hospital,Primary Veternary Hospital,hospital,17.3979621,78.4543414
osm_Sriven Hospital_hospital,Sriven Hospital,hospital,17.4858906,78.3875314
osm_Vijaya Diagnostic Centre_hospital,Vijaya Diagnostic Centre,hospital,17.494517,78.39876
osm_Medical Store_hospital,Medical Store,hospital,17.4949239,78.3969527
osm_Ankura Hospital for Women & Children_hospital,Ankura Hospital for Women & Children,hospital,17.4729982,78.3872074
osm_Ankura Multispeciality clinic_hospital,Ankura Multispeciality clinic,hospital,17.4731914,78.3872633
osm_Aurobindo Nethralaya_hospital,Aurobindo Nethralaya,hospital,17.491694,78.3958249
osm_Sri Krishna_hospital,Sri Krishna,hospital,17.4103873,78.4844653
osm_Krishnaveni Hospitals_hospital,Krishnaveni Hospitals,hospital,17.328667,78.599351
osm_sri sai womens hospital_hospital,sri sai womens hospital,hospital,17.3709786,78.5425682
osm_Siva Eye Hospital_hospital,Siva Eye Hospital,hospital,17.3703144,78.5276104
osm_Centre For Sight Superspecialty Eye Hospital_hospital,Centre For Sight Superspecialty Eye Hospital,hospital,17.4248083,78.4225617
osm_Vasan Eye Care Hospital_hospital,Vasan Eye Care Hospital,hospital,17.3455423,78.5226305
osm_Pragna Hospital_hospital,Pragna Hospital,hospital,17.4238105,78.449832
osm_Swarup Eye Centre_hospital,Swarup Eye Centre,hospital,17.4232839,78.4505488
osm_Udai Omni Hospital_hospital,Udai Omni Hospital,hospital,17.3969132,78.4722613
osm_Udbhava Children's Hospital_hospital,Udbhava Children's Hospital,hospital,17.4911264,78.4010815
osm_Apoorva Hospital_hospital,Apoorva Hospital,hospital,17.3913878,78.4369875
osm_Ankith Multi Speciality Hospital_hospital,Ankith Multi Speciality Hospital,hospital,17.3503945,78.5105337
osm_Lions Club of Hyderabad Sadhuram Eye Hospital_hospital,Lions Club of Hyderabad Sadhuram Eye Hospital,hospital,17.4077141,78.4781628
osm_Al-Noor Hospital_hospital,Al-Noor Hospital,hospital,17.4033637,78.4172847
"osm_Lotus Children's Hospital, Lakdikapul_hospital","Lotus Children's Hospital, Lakdikapul",hospital,17.4041136,78.4611649
osm_Aruna Hospital_hospital,Aruna Hospital,hospital,17.4760702,78.5640143
osm_Preeti Urology and Kidney Hospital_hospital,Preeti Urology and Kidney Hospital,hospital,17.4912927,78.3969096
osm_Vasan Healthcare Private Limited_hospital,Vasan Healthcare Private Limited,hospital,17.4444929,78.4662196
osm_ADR Hospital_hospital,ADR Hospital,hospital,17.458369,78.5378788
osm_Bristlecone Hospital_hospital,Bristlecone Hospital,hospital,17.3920174,78.4961598
osm_Abhaya Multi Speciality Hospital_hospital,Abhaya Multi Speciality Hospital,hospital,17.5007182,78.3825836
"osm_Care Hospital, Nampally_hospital","Care Hospital, Nampally",hospital,17.3854315,78.4747114
osm_Aarogya Hospital_hospital,Aarogya Hospital,hospital,17.3851141,78.4754102
osm_Arvind Eye Hospital_hospital,Arvind Eye Hospital,hospital,17.3918945,78.4378043
osm_Disha Children's Hospital_hospital,Disha Children's Hospital,hospital,17.3525175,78.5551161
osm_Anvitha Hospital_hospital,Anvitha Hospital,hospital,17.4311263,78.4266108
osm_New Life Line Multi Specialty Hospital_hospital,New Life Line Multi Specialty Hospital,hospital,17.4878467,78.5647274
osm_Homeocare International_hospital,Homeocare International,hospital,17.4432007,78.4796964
osm_Konark Hospitals_hospital,Konark Hospitals,hospital,17.5123618,78.4754596
osm_Sree Netralaya Eye Hospital and Laser Centre_hospital,Sree Netralaya Eye Hospital and Laser Centre,hospital,17.3676358,78.5404511
osm_Leads Medical Centre_hospital,Leads Medical Centre,hospital,17.4252477,78.4537243
osm_Pranaam Hospitals_hospital,Pranaam Hospitals,hospital,17.4966133,78.3398798
osm_Vignesh Nursing Home_hospital,Vignesh Nursing Home,hospital,17.4925267,78.39749
osm_Sridhar Multi Speciality Hospital_hospital,Sridhar Multi Speciality Hospital,hospital,17.344919,78.5087555
osm_Geetha Multi Speciality Hospital_hospital,Geetha Multi Speciality Hospital,hospital,17.447062,78.5082445
osm_Amar Maternity Nursing Home_hospital,Amar Maternity Nursing Home,hospital,17.3987452,78.5069785
osm_Sai Preethi Life Line Hospital_hospital,Sai Preethi Life Line Hospital,hospital,17.3942929,78.4419228
osm_Prasad Hospital_hospital,Prasad Hospital,hospital,17.4920608,78.4015616
osm_Praanadah Hospital_hospital,Praanadah Hospital,hospital,17.4372474,78.3942747
osm_Geeta Clinic And Maternity Home_hospital,Geeta Clinic And Maternity Home,hospital,17.391947,78.4969578
osm_Vasavi Hospital_hospital,Vasavi Hospital,hospital,17.4064439,78.464393
osm_Sankhya Hospital_hospital,Sankhya Hospital,hospital,17.4876454,78.4000755
osm_Kiran Hospital_hospital,Kiran Hospital,hospital,17.3452764,78.5282483
osm_Smt. Bhagwan Devi Hospital_hospital,Smt. Bhagwan Devi Hospital,hospital,17.3644409,78.4731994
osm_V.M.R Hospital_hospital,V.M.R Hospital,hospital,17.4918932,78.3972265
osm_Mamata Fertility Hospital_hospital,Mamata Fertility Hospital,hospital,17.4396489,78.4991692
osm_Kishorechand Chordia Eye Centre_hospital,Kishorechand Chordia Eye Centre,hospital,17.3729437,78.4673019
osm_Praja Sai Hospital_hospital,Praja Sai Hospital,hospital,17.4073263,78.492862
osm_Ram Hospital_hospital,Ram Hospital,hospital,17.5160805,78.4476453
osm_Soorya Orthopaedic Hospital_hospital,Soorya Orthopaedic Hospital,hospital,17.4738034,78.5692647
osm_Smiline Dental Hospital_hospital,Smiline Dental Hospital,hospital,17.429802,78.4487075
osm_Sushma Nursing Home_hospital,Sushma Nursing Home,hospital,17.494399,78.4020397
osm_Ratna Maternity and Nursing Home_hospital,Ratna Maternity and Nursing Home,hospital,17.3534936,78.5068591
osm_Kishan Rao Hospital_hospital,Kishan Rao Hospital,hospital,17.3942993,78.5079373
osm_Thatha Hospital_hospital,Thatha Hospital,hospital,17.4769771,78.5627764
osm_Sudarshan Hospital_hospital,Sudarshan Hospital,hospital,17.4142,78.5021076
osm_Kid Care Children's Hospital_hospital,Kid Care Children's Hospital,hospital,17.4841162,78.4488925
osm_Vijaya Nursing Home_hospital,Vijaya Nursing Home,hospital,17.4956729,78.3250616
osm_Dangoria Maternity and Nursing Home_hospital,Dangoria Maternity and Nursing Home,hospital,17.4077787,78.4975089
osm_Sainath Hospital_hospital,Sainath Hospital,hospital,17.4390949,78.4406662
osm_C.C. Shroff Memorial Hospital_hospital,C.C. Shroff Memorial Hospital,hospital,17.3908042,78.4965339
osm_Hyderabad Kidney And Laparoscopic Centre_hospital,Hyderabad Kidney And Laparoscopic Centre,hospital,17.3717457,78.5005935
osm_Sadanand Nursing Home_hospital,Sadanand Nursing Home,hospital,17.4406252,78.4242403
osm_Kosaraju Hospitals Private Ltd._hospital,Kosaraju Hospitals Private Ltd.,hospital,17.3755381,78.4190255
osm_Dr. Laxman's Children Hospital_hospital,Dr. Laxman's Children Hospital,hospital,17.5160364,78.4472698
osm_Maternal Health and Research Trust_hospital,Maternal Health and Research Trust,hospital,17.4240881,78.4317076
osm_Meda Hospital Pvt. Ltd_hospital,Meda Hospital Pvt. Ltd,hospital,17.4837017,78.5373142
osm_Nisha Hospital_hospital,Nisha Hospital,hospital,17.3944196,78.4626817
"osm_Aditya Hospital, Uppal_hospital","Aditya Hospital, Uppal",hospital,17.4017218,78.5756557
osm_Medicare Hospital_hospital,Medicare Hospital,hospital,17.3403283,78.5495599
osm_Dr.Agarwal's Eye Hospital_hospital,Dr.Agarwal's Eye Hospital,hospital,17.4298167,78.4506487
osm_Goshamahal Hospital_hospital,Goshamahal Hospital,hospital,17.3818518,78.4727287
osm_Niyar Nursing Home_hospital,Niyar Nursing Home,hospital,17.3313005,78.4879965
osm_Shalini Hospitals_hospital,Shalini Hospitals,hospital,17.3925332,78.4957641
osm_Vivek Hospital_hospital,Vivek Hospital,hospital,17.3598544,78.504485
osm_Vijay Marie Hospital_hospital,Vijay Marie Hospital,hospital,17.4073909,78.4559655
osm_Madhava Nursing Home_hospital,Madhava Nursing Home,hospital,17.4409578,78.5020941
osm_Deepa Hospital_hospital,Deepa Hospital,hospital,17.3763924,78.4676445
osm_Vinciti Hospital_hospital,Vinciti Hospital,hospital,17.4767414,78.4798486
osm_Sandhya Nursing Home_hospital,Sandhya Nursing Home,hospital,17.4932209,78.327158
osm_Premier Hospital_hospital,Premier Hospital,hospital,17.3915772,78.4268716
osm_Vasundhara Nursing Home_hospital,Vasundhara Nursing Home,hospital,17.4226373,78.4951296
osm_L.V. Prasad Eye Institute_hospital,L.V. Prasad Eye Institute,hospital,17.4391256,78.3958378
osm_Shamshad Children's Hospital_hospital,Shamshad Children's Hospital,hospital,17.3979236,78.4175335
osm_Curewell Hospital_hospital,Curewell Hospital,hospital,17.4059206,78.4606527
osm_Saluja Hospital_hospital,Saluja Hospital,hospital,17.4350761,78.5028817
osm_Vijaya Krishna Nursing Home_hospital,Vijaya Krishna Nursing Home,hospital,17.4525697,78.4444669
osm_Vasu Hospital_hospital,Vasu Hospital,hospital,17.376004,78.4190007
osm_Jaferia Hospital_hospital,Jaferia Hospital,hospital,17.370373,78.487161
osm_Sravani Hospital_hospital,Sravani Hospital,hospital,17.3503388,78.4916899
osm_Rishab Eye Centre_hospital,Rishab Eye Centre,hospital,17.4810002,78.5334009
osm_Micro Care Ent Hospital and Research Institute_hospital,Micro Care Ent Hospital and Research Institute,hospital,17.4940242,78.3985448
osm_Anand Vitreo Retina Institute Pvt Ltd_hospital,Anand Vitreo Retina Institute Pvt Ltd,hospital,17.4255423,78.5340929
osm_Vanaja Hospitals_hospital,Vanaja Hospitals,hospital,17.4775643,78.5529341
osm_Geetanjali Test Tube Baby Centre_hospital,Geetanjali Test Tube Baby Centre,hospital,17.4812995,78.5563056
osm_Princess Durru Shehvar Children's And General Hospital_hospital,Princess Durru Shehvar Children's And General Hospital,hospital,17.367312,78.4826575
"osm_SRI LAXMI MULTI SPECIALITY HOSPITAL, LAPROSCOPIC AND RESEARCH CENTRE_hospital","SRI LAXMI MULTI SPECIALITY HOSPITAL, LAPROSCOPIC AND RESEARCH CENTRE",hospital,17.3760514,78.5569091
osm_Thumbay Hospital New Life_hospital,Thumbay Hospital New Life,hospital,17.376873,78.490338
osm_Srivision Super Speciality Eye Hospital_hospital,Srivision Super Speciality Eye Hospital,hospital,17.4343967,78.4173229
osm_Anantha Lakshmi Kidney and Multi Specialty Hospital_hospital,Anantha Lakshmi Kidney and Multi Specialty Hospital,hospital,17.3974654,78.5366464
osm_Susheela Hospital_hospital,Susheela Hospital,hospital,17.4352974,78.4365799
osm_Jaya Bhushan Hospitals Pvt. Ltd_hospital,Jaya Bhushan Hospitals Pvt. Ltd,hospital,17.394618,78.4386519
osm_Asian E.N.T. Care Centre_hospital,Asian E.N.T. Care Centre,hospital,17.4216154,78.4556772
osm_Ayodhya Nursing Home_hospital,Ayodhya Nursing Home,hospital,17.3913379,78.4348029
osm_Sree Raghavendra Hospital_hospital,Sree Raghavendra Hospital,hospital,17.3178961,78.4453909
osm_Aware gleneagles Global Hospital;Aware Gleneagles Global Hospital's Blood Bank_hospital,Aware gleneagles Global Hospital;Aware Gleneagles Global Hospital's Blood Bank,hospital,17.345958,78.5399126
osm_Sai Siva Children’s Hospital_hospital,Sai Siva Children’s Hospital,hospital,17.4941988,78.3240189
osm_Sri Tirumala Maternity and Nursing Home_hospital,Sri Tirumala Maternity and Nursing Home,hospital,17.4232391,78.5163756
osm_Marvel Maternity and Nursing Home_hospital,Marvel Maternity and Nursing Home,hospital,17.3292521,78.4787576
osm_Akira Eye Surgical Annexe_hospital,Akira Eye Surgical Annexe,hospital,17.4034853,78.4924355
osm_Kadimi Nursing Home_hospital,Kadimi Nursing Home,hospital,17.4939308,78.3267166
osm_Jayasai Hospital For Women_hospital,Jayasai Hospital For Women,hospital,17.4850586,78.4471166
osm_Ragi Hospital_hospital,Ragi Hospital,hospital,17.4957541,78.3410724
osm_SRESHTA SRI KAMALA HOSPITALS_hospital,SRESHTA SRI KAMALA HOSPITALS,hospital,17.3682886,78.5220303
osm_Bhavan's Sarada Devi Hospital_hospital,Bhavan's Sarada Devi Hospital,hospital,17.4825166,78.5510686
osm_Sulochana Eye Centre_hospital,Sulochana Eye Centre,hospital,17.4019445,78.4776311
osm_Muslim Maternity and Children's Hospital_hospital,Muslim Maternity and Children's Hospital,hospital,17.3751644,78.4898807
osm_Shashi Hospital_hospital,Shashi Hospital,hospital,17.3695416,78.5213698
osm_Sundari Maternity and General Hospital_hospital,Sundari Maternity and General Hospital,hospital,17.5028854,78.5132843
osm_Bhavya Hospital_hospital,Bhavya Hospital,hospital,17.3771559,78.557005
osm_Fehmi Care Hospital_hospital,Fehmi Care Hospital,hospital,17.437122,78.4272954
osm_Sriya Hospital_hospital,Sriya Hospital,hospital,17.4751261,78.5394748
osm_Mirra Multi Specialty Hospital_hospital,Mirra Multi Specialty Hospital,hospital,17.5044701,78.3564663
osm_Pulse Hospitals_hospital,Pulse Hospitals,hospital,17.421726,78.5041333
osm_S.V. Hospital_hospital,S.V. Hospital,hospital,17.4467703,78.4504817
osm_Krishna Multi Speciality Hospital_hospital,Krishna Multi Speciality Hospital,hospital,17.3973433,78.5603427
osm_Sri Sai Kidney Centre_hospital,Sri Sai Kidney Centre,hospital,17.4354676,78.4514661
osm_Sunrise Superspeciality Children's Hospital_hospital,Sunrise Superspeciality Children's Hospital,hospital,17.3930464,78.4890948
osm_Raghavendra Hospital_hospital,Raghavendra Hospital,hospital,17.4747705,78.5678552
osm_GSN Hospital_hospital,GSN Hospital,hospital,17.4418419,78.4452461
osm_Challa Eye Care Centre_hospital,Challa Eye Care Centre,hospital,17.4281872,78.432519
osm_Royal Hospital For Dentistry and Facial Surgery_hospital,Royal Hospital For Dentistry and Facial Surgery,hospital,17.4121475,78.4569848
osm_Matrix Hospital_hospital,Matrix Hospital,hospital,17.4002374,78.5405061
osm_M S Reddy Lions Eye Hospital_hospital,M S Reddy Lions Eye Hospital,hospital,17.4571396,78.5631077
osm_Santhigiri Auyrveda and Siddha Hospital_hospital,Santhigiri Auyrveda and Siddha Hospital,hospital,17.4229122,78.452197
osm_Shree Jaya Krishna Hospital_hospital,Shree Jaya Krishna Hospital,hospital,17.397102,78.5319123
osm_Allwin Hospital_hospital,Allwin Hospital,hospital,17.4091262,78.459209
osm_Sai Institute Of Arthroscopy And Sports Injury_hospital,Sai Institute Of Arthroscopy And Sports Injury,hospital,17.4186198,78.4524223
osm_Sree Balaji Hospital_hospital,Sree Balaji Hospital,hospital,17.5185239,78.4822022
osm_Sathya Hospital_hospital,Sathya Hospital,hospital,17.401288,78.5648384
osm_Leela Hospital_hospital,Leela Hospital,hospital,17.4554163,78.4238099
osm_Anusha Hospital_hospital,Anusha Hospital,hospital,17.3879656,78.4397234
osm_RR Orthopedic Hospital_hospital,RR Orthopedic Hospital,hospital,17.4954209,78.3226825
osm_Partha Dental Clinic_hospital,Partha Dental Clinic,hospital,17.4059203,78.4793389
osm_Susrutha Hospital_hospital,Susrutha Hospital,hospital,17.373217,78.5032857
osm_Venkatesh Borgaonker Nursing Home_hospital,Venkatesh Borgaonker Nursing Home,hospital,17.390579,78.4911588
osm_Harsha Hospitals_hospital,Harsha Hospitals,hospital,17.520925,78.484531
osm_Sri Sai Srinivasa Speciality Hospitals Pvt. Ltd_hospital,Sri Sai Srinivasa Speciality Hospitals Pvt. Ltd,hospital,17.3979338,78.492064
osm_Sai Krishna Neuro Hospital_hospital,Sai Krishna Neuro Hospital,hospital,17.389948,78.4959277
osm_Sagar Lal Memorial Hospital and Matadin Goel Research Center_hospital,Sagar Lal Memorial Hospital and Matadin Goel Research Center,hospital,17.4156652,78.4988473
osm_Matrika Hospital_hospital,Matrika Hospital,hospital,17.4274156,78.4607056
osm_Dr. Mohan's Diabetes Specialities Centre_hospital,Dr. Mohan's Diabetes Specialities Centre,hospital,17.4111077,78.482968
osm_Seha Hospital_hospital,Seha Hospital,hospital,17.404143,78.4622929
osm_Krishna Maternity And Nursing Home_hospital,Krishna Maternity And Nursing Home,hospital,17.4281006,78.5170508
osm_Sri Srinivasa Nursing Home_hospital,Sri Srinivasa Nursing Home,hospital,17.3646867,78.5441633
osm_Global Eye Hospital_hospital,Global Eye Hospital,hospital,17.4912076,78.4011693
osm_People's Hospital_hospital,People's Hospital,hospital,17.531698,78.2650553
osm_Kerala Sanjeevani Ayurvedic Centre_hospital,Kerala Sanjeevani Ayurvedic Centre,hospital,17.417401,78.4577723
osm_Rajagiri Hospitals_hospital,Rajagiri Hospitals,hospital,17.410791,78.5434699
osm_Aravind Nursing Home_hospital,Aravind Nursing Home,hospital,17.4364471,78.4961886
osm_G.N.R. Multispeciality Hospital_hospital,G.N.R. Multispeciality Hospital,hospital,17.49926,78.5129283
osm_Ramana Maternity Nursing Home_hospital,Ramana Maternity Nursing Home,hospital,17.3937202,78.5095339
osm_Surakshaka Multi Speciality Hospital_hospital,Surakshaka Multi Speciality Hospital,hospital,17.4932836,78.4017017
osm_Aries Maternity Hospital_hospital,Aries Maternity Hospital,hospital,17.3926842,78.4455183
osm_Ragani Children's Hospital_hospital,Ragani Children's Hospital,hospital,17.5141839,78.4470136
osm_Sathya Kidney Centre and Super Speciality Hospital_hospital,Sathya Kidney Centre and Super Speciality Hospital,hospital,17.4047804,78.4821191
osm_Vivekananda Hospital_hospital,Vivekananda Hospital,hospital,17.4312043,78.4553486
osm_Ravi Hospital_hospital,Ravi Hospital,hospital,17.4936289,78.4000562
osm_Nightingale Hospital_hospital,Nightingale Hospital,hospital,17.3512003,78.5094488
osm_Eva Care The Every Woman's Clinic_hospital,Eva Care The Every Woman's Clinic,hospital,17.4078913,78.4426578
osm_Habsiguda Poly Clinic and Nursing Home_hospital,Habsiguda Poly Clinic and Nursing Home,hospital,17.4173069,78.5412021
osm_Unity Centre For Orthopaedics And Trauma_hospital,Unity Centre For Orthopaedics And Trauma,hospital,17.3962241,78.4889916
osm_Merit Care Hospital_hospital,Merit Care Hospital,hospital,17.493721,78.3983745
osm_SECUNDERABAD NURSING HOME_hospital,SECUNDERABAD NURSING HOME,hospital,17.4458107,78.504999
osm_Ramantapur Hospital_hospital,Ramantapur Hospital,hospital,17.3974917,78.5339528
osm_Sai Sanjeevini Hospital_hospital,Sai Sanjeevini Hospital,hospital,17.3608928,78.5432218
osm_Harsha Hospitals_hospital,Harsha Hospitals,hospital,17.4953109,78.415377
osm_Sowmya Hospital_hospital,Sowmya Hospital,hospital,17.4097327,78.5084336
osm_Meds Hospital_hospital,Meds Hospital,hospital,17.3655046,78.4620085
osm_Sarada Nursing Home_hospital,Sarada Nursing Home,hospital,17.494784,78.3404388
"osm_Vasan Healthcare Private Limited, Secunderabad_hospital","Vasan Healthcare Private Limited, Secunderabad",hospital,17.4404883,78.4978656
osm_Vatsalya Institute Of Pediatrics Hospital_hospital,Vatsalya Institute Of Pediatrics Hospital,hospital,17.4405861,78.4503195
osm_Sandeep Nursing Home_hospital,Sandeep Nursing Home,hospital,17.484821,78.3881754
osm_Maa Ent Institute_hospital,Maa Ent Institute,hospital,17.4260772,78.457375
osm_Sanjeevani Children and General Hospital_hospital,Sanjeevani Children and General Hospital,hospital,17.496063,78.4541865
osm_Hyderabad Eye Centre_hospital,Hyderabad Eye Centre,hospital,17.3995642,78.4843923
osm_Santoshi Maternity Hospital_hospital,Santoshi Maternity Hospital,hospital,17.4466174,78.5360288
osm_Vishnu Hospital_hospital,Vishnu Hospital,hospital,17.4954561,78.3208955
osm_Sai Sharan Hospital_hospital,Sai Sharan Hospital,hospital,17.3393852,78.5572883
osm_Clear Vision Eye Hospital_hospital,Clear Vision Eye Hospital,hospital,17.39863,78.4849159
osm_Sai Nursing Home_hospital,Sai Nursing Home,hospital,17.3601882,78.5047261
osm_Neo Vision Eye Care and Laser Center_hospital,Neo Vision Eye Care and Laser Center,hospital,17.4171112,78.5440868
osm_Stopiles_hospital,Stopiles,hospital,17.4301078,78.4061931
osm_Centre For Sight - New Vision Laser Centers_hospital,Centre For Sight - New Vision Laser Centers,hospital,17.40665,78.4759131
osm_Life Spring Maternity Hospital_hospital,Life Spring Maternity Hospital,hospital,17.459459,78.5576695
osm_Sri Rama Krishna Hospital_hospital,Sri Rama Krishna Hospital,hospital,17.3863466,78.4942286
osm_Universal Superspeciality Dental Hospital_hospital,Universal Superspeciality Dental Hospital,hospital,17.4825173,78.5374282
osm_Majestic Hospital_hospital,Majestic Hospital,hospital,17.379978,78.421019
osm_Aruna Hospital_hospital,Aruna Hospital,hospital,17.3446309,78.5546158
osm_Eswar Eye Hospital_hospital,Eswar Eye Hospital,hospital,17.4917263,78.3970112
osm_Dr.Shantabai Nursing Home_hospital,Dr.Shantabai Nursing Home,hospital,17.3913737,78.4757126
osm_Apollo Spectra Hospitals_hospital,Apollo Spectra Hospitals,hospital,17.4376427,78.4524706
osm_Manjary Multispeciality Hospital_hospital,Manjary Multispeciality Hospital,hospital,17.4348983,78.5429897
osm_Taraporewalla Nursing Home_hospital,Taraporewalla Nursing Home,hospital,17.4465502,78.5133715
osm_Shenoy Nursing Home_hospital,Shenoy Nursing Home,hospital,17.4478066,78.508915
osm_Kiran Swetha Children Clinic_hospital,Kiran Swetha Children Clinic,hospital,17.4947378,78.3225725
osm_Dr. Zaibunnisa's Imtiyaz Hospital_hospital,Dr. Zaibunnisa's Imtiyaz Hospital,hospital,17.3737769,78.4958902
osm_Alpha Super Speciality Hospital_hospital,Alpha Super Speciality Hospital,hospital,17.3586618,78.4780816
osm_Mythri Multi Speciality Hospital_hospital,Mythri Multi Speciality Hospital,hospital,17.4982349,78.3144481
osm_Vasan Healthcare_hospital,Vasan Healthcare,hospital,17.3692242,78.5189867
osm_BSR ENT & Eye Nursing Home_hospital,BSR ENT & Eye Nursing Home,hospital,17.4416577,78.4908745
osm_Siris Hospital_hospital,Siris Hospital,hospital,17.4097647,78.5441056
osm_Srinivasa Hospital_hospital,Srinivasa Hospital,hospital,17.4938323,78.5398865
osm_ASTER PRIME HOSPITALS (SRI SAINATHA MULTISPECIALITY HOSPITAL PVT.LTD.)_hospital,ASTER PRIME HOSPITALS (SRI SAINATHA MULTISPECIALITY HOSPITAL PVT.LTD.),hospital,17.4373484,78.4462573
osm_Janani Hospital_hospital,Janani Hospital,hospital,17.3937938,78.5302003
osm_Amrutha Diabetic Centre_hospital,Amrutha Diabetic Centre,hospital,17.4292454,78.4531264
osm_Azam Hospital_hospital,Azam Hospital,hospital,17.3648685,78.4626402
osm_Oarchid Hospital_hospital,Oarchid Hospital,hospital,17.3688485,78.5343739
osm_Sri Venkateswara Multi Speciality Hospital_hospital,Sri Venkateswara Multi Speciality Hospital,hospital,17.3446513,78.5167946
osm_Sri Santosh Hospital_hospital,Sri Santosh Hospital,hospital,17.43595,78.5425988
osm_Dr. Sreedhar's Kidney & Infertility Hospital_hospital,Dr. Sreedhar's Kidney & Infertility Hospital,hospital,17.3910723,78.4267851
osm_G.M.C. Multi Speciality Dental Hospital_hospital,G.M.C. Multi Speciality Dental Hospital,hospital,17.3621837,78.4826327
osm_Nikhil Hospital_hospital,Nikhil Hospital,hospital,17.3682105,78.5203962
osm_Dr. Saxena Integrative Medicine Private Ltd._hospital,Dr. Saxena Integrative Medicine Private Ltd.,hospital,17.4052775,78.476577
osm_Prerana Hospital_hospital,Prerana Hospital,hospital,17.48489,78.4096652
osm_Shubhodaya Nursing Home_hospital,Shubhodaya Nursing Home,hospital,17.4381142,78.5049681
osm_Shreyas Hospital_hospital,Shreyas Hospital,hospital,17.4779001,78.5626893
osm_Mythri Hospital_hospital,Mythri Hospital,hospital,17.3836628,78.4292413
osm_Rukkus Dental Hospital & Implant Center_hospital,Rukkus Dental Hospital & Implant Center,hospital,17.394801,78.4990337
osm_Hyderabad Eye Hospital_hospital,Hyderabad Eye Hospital,hospital,17.3942462,78.4989743
osm_Sai Anurag Hosptial_hospital,Sai Anurag Hosptial,hospital,17.4946701,78.3268218
osm_Hedge Maternity and Nursing Home_hospital,Hedge Maternity and Nursing Home,hospital,17.3709739,78.5147515
osm_St.Theresa's Hospitals_hospital,St.Theresa's Hospitals,hospital,17.4517957,78.4377721
osm_Sunita Children's Hospital_hospital,Sunita Children's Hospital,hospital,17.3502416,78.5121296
osm_Dr. Akbar Eye Hospital_hospital,Dr. Akbar Eye Hospital,hospital,17.3935545,78.4435281
osm_Medi Vision Eye Care Centre_hospital,Medi Vision Eye Care Centre,hospital,17.3988488,78.4479502
osm_Sunrich Hospital_hospital,Sunrich Hospital,hospital,17.4490629,78.4317237
osm_Induss Hospitals_hospital,Induss Hospitals,hospital,17.3674854,78.5358477
osm_J.J. Hospital_hospital,J.J. Hospital,hospital,17.4448064,78.4324291
osm_Ankura Children's Hospital_hospital,Ankura Children's Hospital,hospital,17.4820222,78.5525036
osm_SKM Multi Speciality Hospital_hospital,SKM Multi Speciality Hospital,hospital,17.4713934,78.4849957
osm_Ambaa Hospitals_hospital,Ambaa Hospitals,hospital,17.3763547,78.4203096
osm_S.V.K. Hospital Private Ltd._hospital,S.V.K. Hospital Private Ltd.,hospital,17.5119189,78.4465805
osm_Mansoor Maternity And Childrens Hospital_hospital,Mansoor Maternity And Childrens Hospital,hospital,17.393511,78.4568185
osm_Xenia Multi Speciality Hospital_hospital,Xenia Multi Speciality Hospital,hospital,17.4727007,78.5713568
osm_Avis Ankura Hospital for Women & Children_hospital,Avis Ankura Hospital for Women & Children,hospital,17.4116829,78.4324009
osm_Ammaji Childrens Hospital_hospital,Ammaji Childrens Hospital,hospital,17.4002489,78.5665409
osm_Tulasi Hospitals_hospital,Tulasi Hospitals,hospital,17.4748831,78.5709384
osm_Ashok Kumar Hospital_hospital,Ashok Kumar Hospital,hospital,17.3920533,78.4961564
osm_Banjara 12 Hospital_hospital,Banjara 12 Hospital,hospital,17.4075461,78.4496157
osm_Anitha Nursing Home_hospital,Anitha Nursing Home,hospital,17.4943913,78.3232471
osm_Health Care Hospitals_hospital,Health Care Hospitals,hospital,17.3453352,78.5492826
osm_Sri Krishna Swathi Children's Hospital_hospital,Sri Krishna Swathi Children's Hospital,hospital,17.3946084,78.5304907
osm_Manas Eye Hospital_hospital,Manas Eye Hospital,hospital,17.4514829,78.424402
osm_Rainbow Childrens Hospital_hospital,Rainbow Childrens Hospital,hospital,17.4997851,78.3841534
osm_Shantilal Navodaya Multi Speciality Hospital_hospital,Shantilal Navodaya Multi Speciality Hospital,hospital,17.398678,78.5136256
osm_Tilaknagar ABHAYA-BBC HOSPITAL_hospital,Tilaknagar ABHAYA-BBC HOSPITAL,hospital,17.3941335,78.5099286
osm_Sumana Hospital_hospital,Sumana Hospital,hospital,17.4920026,78.4093373
osm_Bhavika Nursing Home_hospital,Bhavika Nursing Home,hospital,17.4407735,78.4492117
osm_Icon Hospital_hospital,Icon Hospital,hospital,17.4853224,78.3899282
osm_Sree Srinivasa ENT Care and Research Institute_hospital,Sree Srinivasa ENT Care and Research Institute,hospital,17.4251451,78.4510457
osm_Kavya Nursing Home_hospital,Kavya Nursing Home,hospital,17.494147,78.4053522
osm_Peoples Health Centre_hospital,Peoples Health Centre,hospital,17.4575848,78.4523016
osm_Shiva Sai Hospital_hospital,Shiva Sai Hospital,hospital,17.4004716,78.5666549
osm_Shilpa Nursing Home_hospital,Shilpa Nursing Home,hospital,17.4947648,78.3600202
osm_Dr. P. Siva Reddy Eye Hospital_hospital,Dr. P. Siva Reddy Eye Hospital,hospital,17.3978302,78.4842937
osm_KIMS BIBI Hospital_hospital,KIMS BIBI Hospital,hospital,17.3702559,78.5005438
osm_K.G.H The Family Hospital_hospital,K.G.H The Family Hospital,hospital,17.3727325,78.509658
osm_Dr.Rao's ENT Super Speciality Hospital_hospital,Dr.Rao's ENT Super Speciality Hospital,hospital,17.4305671,78.4503329
osm_Pushpa Maternity and Nursing Home_hospital,Pushpa Maternity and Nursing Home,hospital,17.3710405,78.5008154
osm_Ramya Nursing Home_hospital,Ramya Nursing Home,hospital,17.4759595,78.4837787
osm_Care Well Hospital_hospital,Care Well Hospital,hospital,17.3452876,78.4567943
osm_Raksha Multi Speciality Hospital_hospital,Raksha Multi Speciality Hospital,hospital,17.3398185,78.5575941
osm_Neo Retina Eye Care_hospital,Neo Retina Eye Care,hospital,17.3967872,78.4728447
osm_Spark Eye Care Hospital_hospital,Spark Eye Care Hospital,hospital,17.3724317,78.5077295
osm_Ganga Orthopaedic and Maternity Hospital_hospital,Ganga Orthopaedic and Maternity Hospital,hospital,17.3719492,78.5358806
osm_Varsha Hospital_hospital,Varsha Hospital,hospital,17.4948223,78.4016588
osm_Vasan Eye Care_hospital,Vasan Eye Care,hospital,17.4776666,78.5630205
osm_Sagar Hospital_hospital,Sagar Hospital,hospital,17.4858827,78.3890216
osm_Midas ENT Head and Neck Super Speciality Hospital_hospital,Midas ENT Head and Neck Super Speciality Hospital,hospital,17.3689017,78.5168678
osm_Seethal Nursing Home_hospital,Seethal Nursing Home,hospital,17.4299337,78.4271117
osm_Dharani Hospital_hospital,Dharani Hospital,hospital,17.3837869,78.4367287
osm_Desai Nursing Home_hospital,Desai Nursing Home,hospital,17.3982154,78.4843661
osm_Prashamsha Hospital_hospital,Prashamsha Hospital,hospital,17.503255,78.5095681
osm_NEO BBC Childrens Hospital_hospital,NEO BBC Childrens Hospital,hospital,17.4030515,78.5100617
osm_Sri Gayatri Hospital_hospital,Sri Gayatri Hospital,hospital,17.3900901,78.5314
osm_FMS Dental Hospital_hospital,FMS Dental Hospital,hospital,17.3855301,78.4801885
osm_Suraksha Childrens Hospital_hospital,Suraksha Childrens Hospital,hospital,17.4261322,78.5324286
osm_Prema Eye Care Centre_hospital,Prema Eye Care Centre,hospital,17.4811326,78.5541297
osm_The Dental Venue Multi Speciality Hospital (unit of Dr.Gowd’s)_hospital,The Dental Venue Multi Speciality Hospital (unit of Dr.Gowd’s),hospital,17.4422795,78.5043204
osm_Padmaavathi Netralaya_hospital,Padmaavathi Netralaya,hospital,17.4915108,78.4013115
osm_Mahesh Hospital And Research Foundation_hospital,Mahesh Hospital And Research Foundation,hospital,17.4004729,78.4914961
osm_CDR Hospitals_hospital,CDR Hospitals,hospital,17.3991381,78.483151
osm_Moosi Maternity and Genernal Hospital_hospital,Moosi Maternity and Genernal Hospital,hospital,17.3758914,78.4971612
osm_Hyma Children's Hospital_hospital,Hyma Children's Hospital,hospital,17.3676268,78.5508728
osm_Shree Hospital_hospital,Shree Hospital,hospital,17.4306004,78.4388973
osm_Sai Jyothi Eye Institute_hospital,Sai Jyothi Eye Institute,hospital,17.4466871,78.5027158
osm_Little Star Children's Hospital (A Unit Of Thirumala Child Health Services Pvt. Ltd)_hospital,Little Star Children's Hospital (A Unit Of Thirumala Child Health Services Pvt. Ltd),hospital,17.4270433,78.450353
osm_RR Hospital_hospital,RR Hospital,hospital,17.5218368,78.4831209
osm_Krishna Sai Multispeciality Hospital_hospital,Krishna Sai Multispeciality Hospital,hospital,17.345084,78.5288881
osm_Lazarus Hospitals_hospital,Lazarus Hospitals,hospital,17.3995348,78.4630345
osm_Sowmya Hospital_hospital,Sowmya Hospital,hospital,17.447338,78.437815
osm_Pulse Hospital_hospital,Pulse Hospital,hospital,17.4900948,78.4481992
osm_Gupta Hospital_hospital,Gupta Hospital,hospital,17.3662637,78.473135
osm_Maruthi Hospital_hospital,Maruthi Hospital,hospital,17.3497321,78.5151807
osm_Himabindu Multi Speciality Hospital_hospital,Himabindu Multi Speciality Hospital,hospital,17.3512682,78.5092865
osm_Tadla Eye Hospital_hospital,Tadla Eye Hospital,hospital,17.4961817,78.4055095
osm_Kailash Diagnostic and Rehabilitation Center_hospital,Kailash Diagnostic and Rehabilitation Center,hospital,17.3854802,78.4752171
osm_Lions Dundoo Eye Institute_hospital,Lions Dundoo Eye Institute,hospital,17.4504779,78.5062201
osm_Image Hospital_hospital,Image Hospital,hospital,17.4314653,78.4466797
osm_Lakshmi Maternity and Nursing Home_hospital,Lakshmi Maternity and Nursing Home,hospital,17.4002182,78.4840006
osm_Disneys Medi-Kid Hospitals Pvt. Ltd_hospital,Disneys Medi-Kid Hospitals Pvt. Ltd,hospital,17.4322118,78.4490681
osm_Akshaya Care Multi Speciality Hospital_hospital,Akshaya Care Multi Speciality Hospital,hospital,17.4174357,78.5118319
osm_Dr.Padmaja Fertility Centre and Nursing Home_hospital,Dr.Padmaja Fertility Centre and Nursing Home,hospital,17.4150148,78.5452451
osm_Focus Hospital_hospital,Focus Hospital,hospital,17.3473217,78.5195889
osm_Geeta Multispeciality Hospital_hospital,Geeta Multispeciality Hospital,hospital,17.370156,78.5320289
osm_Lakshmi Health Care Hospital_hospital,Lakshmi Health Care Hospital,hospital,17.3320827,78.5732733
osm_Sri Sai Balaji Hospital_hospital,Sri Sai Balaji Hospital,hospital,17.3617057,78.5620603
osm_Bapuji Maternity and Nursing Home_hospital,Bapuji Maternity and Nursing Home,hospital,17.4227606,78.5469769
osm_Abinav Orthopedic Hospital_hospital,Abinav Orthopedic Hospital,hospital,17.3700395,78.5278568
osm_Ganga Nursing Home_hospital,Ganga Nursing Home,hospital,17.3623277,78.4685625
osm_Sujatha Nursing Home_hospital,Sujatha Nursing Home,hospital,17.4951345,78.4024782
osm_Suguna Sree Nursing Home_hospital,Suguna Sree Nursing Home,hospital,17.5420919,78.4335503
osm_SVS Hospitals_hospital,SVS Hospitals,hospital,17.3891213,78.4928083
osm_Vishwa Medi Care and Diagnostic Centre_hospital,Vishwa Medi Care and Diagnostic Centre,hospital,17.3836896,78.4897466
osm_Dhanunjaya Nursing Home_hospital,Dhanunjaya Nursing Home,hospital,17.4524815,78.5685701
osm_Live Life Hospital_hospital,Live Life Hospital,hospital,17.4383029,78.3994983
osm_Healing Touch Hospital_hospital,Healing Touch Hospital,hospital,17.3903338,78.4514802
osm_Jain Multi Speciality Hospital_hospital,Jain Multi Speciality Hospital,hospital,17.5019044,78.5405564
osm_Maxivision Eye Hospital_hospital,Maxivision Eye Hospital,hospital,17.4458529,78.4663644
osm_Chandamama Hospital_hospital,Chandamama Hospital,hospital,17.4273708,78.5517687
osm_Avis Hospitals_hospital,Avis Hospitals,hospital,17.4293887,78.4178258
osm_Jaya Hospital_hospital,Jaya Hospital,hospital,17.3208562,78.5613281
osm_Bhagyalatha Hospital_hospital,Bhagyalatha Hospital,hospital,17.331248,78.5882561
osm_Anusha Maternity and Nursing Home_hospital,Anusha Maternity and Nursing Home,hospital,17.3309842,78.5780563
osm_Lakshmi Children's Hospital_hospital,Lakshmi Children's Hospital,hospital,17.369612,78.5302386
osm_G.B.R. Hospital_hospital,G.B.R. Hospital,hospital,17.3692696,78.5346776
osm_Sri Mahalaxmi Eye Hospital_hospital,Sri Mahalaxmi Eye Hospital,hospital,17.3369064,78.5699487
osm_Chaithanya Multi Speciality Hospital_hospital,Chaithanya Multi Speciality Hospital,hospital,17.3362996,78.5692929
osm_Sri Pallavi Hospital_hospital,Sri Pallavi Hospital,hospital,17.5046076,78.3088705
osm_Sri Rohini Hospital_hospital,Sri Rohini Hospital,hospital,17.3495087,78.5128967
osm_Manju Sudha Multispeciality Hospital_hospital,Manju Sudha Multispeciality Hospital,hospital,17.3696005,78.5292421
osm_Sai Venkateshwara Hospital_hospital,Sai Venkateshwara Hospital,hospital,17.3444401,78.529845
osm_TKR's IKON Hospital_hospital,TKR's IKON Hospital,hospital,17.3693752,78.5209313
osm_Sri JRD Hospital_hospital,Sri JRD Hospital,hospital,17.3665529,78.535367
osm_Sidhartha Nursing Home_hospital,Sidhartha Nursing Home,hospital,17.5022005,78.3129877
osm_Raghava Hospital_hospital,Raghava Hospital,hospital,17.3716433,78.5340057
osm_Harsha Neuro and General Hospital_hospital,Harsha Neuro and General Hospital,hospital,17.3681674,78.5267378
osm_Padmaja Hospital_hospital,Padmaja Hospital,hospital,17.347104,78.5213564
osm_Anurag Orthopedic and Multispecial Hospital_hospital,Anurag Orthopedic and Multispecial Hospital,hospital,17.3689234,78.5299851
osm_Rajya Lakshmi Hospital_hospital,Rajya Lakshmi Hospital,hospital,17.3358644,78.5747552
osm_Sigma Hospitals_hospital,Sigma Hospitals,hospital,17.36803,78.5206215
osm_Sri Ramadevi Orthopaedic Hospital_hospital,Sri Ramadevi Orthopaedic Hospital,hospital,17.3286133,78.5685231
osm_Goodlife Hospitals_hospital,Goodlife Hospitals,hospital,17.3694424,78.5314201
osm_Aashritha Hospital_hospital,Aashritha Hospital,hospital,17.4455011,78.5678539
osm_American Oncology Institute_hospital,American Oncology Institute,hospital,17.4707013,78.3109143
osm_Citizens Specialty Hospital_hospital,Citizens Specialty Hospital,hospital,17.4707742,78.3113113
osm_Maruthi Hospital_hospital,Maruthi Hospital,hospital,17.5057043,78.3072115
osm_Usha Mohan Hospital_hospital,Usha Mohan Hospital,hospital,17.36424,78.4275663
osm_Sri Sai Orthopaedic and Multi Speciality Hospital_hospital,Sri Sai Orthopaedic and Multi Speciality Hospital,hospital,17.3389598,78.5226278
osm_Swapna Hospital Private Limited_hospital,Swapna Hospital Private Limited,hospital,17.3697132,78.5319766
osm_Ankura Kodali Hospital_hospital,Ankura Kodali Hospital,hospital,17.4840637,78.4487262
osm_Paramitha Children's Hospital_hospital,Paramitha Children's Hospital,hospital,17.3597254,78.5448767
osm_Padmavathi Hospital_hospital,Padmavathi Hospital,hospital,17.344506,78.5296565
osm_Sai Nikith Speciality Hospital And Laproscopic Centre_hospital,Sai Nikith Speciality Hospital And Laproscopic Centre,hospital,17.3740649,78.5409902
osm_Jeevan Sai Hospitals_hospital,Jeevan Sai Hospitals,hospital,17.3314886,78.5721809
osm_MaxCare Multi Speciality Hospital_hospital,MaxCare Multi Speciality Hospital,hospital,17.5311596,78.261268
osm_Sunrise Hospitals_hospital,Sunrise Hospitals,hospital,17.3279207,78.6017188
osm_Rajitha Hospital_hospital,Rajitha Hospital,hospital,17.4506967,78.3640308
osm_Sai Ganesh Multi Speciality Hospital_hospital,Sai Ganesh Multi Speciality Hospital,hospital,17.5289972,78.2646684
osm_The Doctors Multi Speciality Hospital_hospital,The Doctors Multi Speciality Hospital,hospital,17.3707739,78.5275
osm_Medi Sight Eye Care centre_hospital,Medi Sight Eye Care centre,hospital,17.3587987,78.5237382
"osm_Area Hospital, Nampally_hospital","Area Hospital, Nampally",hospital,17.3922555,78.4631672
"osm_Community Health Centre, Jangammet_hospital","Community Health Centre, Jangammet",hospital,17.3342065,78.4698338
"osm_Area Hospital, Golconda_hospital","Area Hospital, Golconda",hospital,17.3852587,78.4026083
osm_MEDISYS HOSPITALS (A UNIT OF OXYEN MEDICARE CANCER CARE PVT LTD )_hospital,MEDISYS HOSPITALS (A UNIT OF OXYEN MEDICARE CANCER CARE PVT LTD ),hospital,17.3411496,78.557759
osm_Sri Aurobindo Nethralaya_hospital,Sri Aurobindo Nethralaya,hospital,17.4926185,78.3964245
osm_MAXCURE SUYOSHA WOMAN & CHILD HOSPITAL_hospital,MAXCURE SUYOSHA WOMAN & CHILD HOSPITAL,hospital,17.4464363,78.3786482
osm_CALCIUM HOSPITAL_hospital,CALCIUM HOSPITAL,hospital,17.5066316,78.3842419
osm_MAAX LIFE HOSPITALS_hospital,MAAX LIFE HOSPITALS,hospital,17.3452377,78.5276489
osm_DELTA HOSPITALS_hospital,DELTA HOSPITALS,hospital,17.3253704,78.5576025
osm_NETHRA EYE INSTITUE_hospital,NETHRA EYE INSTITUE,hospital,17.4391832,78.4425692
osm_MAYFLOWER HOSPITAL FOR WOMEN & CHILDREN_hospital,MAYFLOWER HOSPITAL FOR WOMEN & CHILDREN,hospital,17.4832707,78.5523789
osm_KASTURI MULTISPECIALITY HOSPITAL_hospital,KASTURI MULTISPECIALITY HOSPITAL,hospital,17.4389273,78.5060866
osm_RISE CHILDRENS HOSPITAL (A UNIT OF RISE HOSPITALS PVT. LTD.)_hospital,RISE CHILDRENS HOSPITAL (A UNIT OF RISE HOSPITALS PVT. LTD.),hospital,17.3802341,78.4297081
osm_AVANI LASER EYE HOSPITAL_hospital,AVANI LASER EYE HOSPITAL,hospital,17.3658656,78.5522434
osm_SANJEEVANI HOSPITAL_hospital,SANJEEVANI HOSPITAL,hospital,17.3739165,78.5521227
osm_Kakatiya Hospital_hospital,Kakatiya Hospital,hospital,17.4497269,78.3672388
osm_SOLIS EYE CARE HOSPITALS PVT LTD_hospital,SOLIS EYE CARE HOSPITALS PVT LTD,hospital,17.473687,78.571436
osm_Shadow Hospitals_hospital,Shadow Hospitals,hospital,17.3270322,78.6032966
osm_SRISHTI EYE CENTRE_hospital,SRISHTI EYE CENTRE,hospital,17.3949495,78.4573924
osm_LEGEND HOSPITAL_hospital,LEGEND HOSPITAL,hospital,17.3360462,78.5762921
osm_SAI SURYA HOSPITAL_hospital,SAI SURYA HOSPITAL,hospital,17.3612589,78.4280745
osm_Apple Multi Speciality Hospital_hospital,Apple Multi Speciality Hospital,hospital,17.3985564,78.4143068
osm_SUDHA HOSPITAL_hospital,SUDHA HOSPITAL,hospital,17.4657813,78.5389222
osm_Nakshatra Hospitals_hospital,Nakshatra Hospitals,hospital,17.3623879,78.5570419
osm_EVYA HOSPITALS AND DIABETIC RESERACH CENTER_hospital,EVYA HOSPITALS AND DIABETIC RESERACH CENTER,hospital,17.3392197,78.570819
"osm_District Hospital, King Koti_hospital","District Hospital, King Koti",hospital,17.3932243,78.481999
osm_Wellness Hospital_hospital,Wellness Hospital,hospital,17.435904,78.4499786
osm_Refracto Eye Hospital_hospital,Refracto Eye Hospital,hospital,17.5072656,78.4788038
osm_FATIMA HOSPITAL_hospital,FATIMA HOSPITAL,hospital,17.3448357,78.4590373
osm_JANAPAREDDY HOSPITAL PVT LTD_hospital,JANAPAREDDY HOSPITAL PVT LTD,hospital,17.5246107,78.482795
osm_ENT CARE HOSPITAL_hospital,ENT CARE HOSPITAL,hospital,17.4951101,78.3706122
osm_NAIDU EYE HOSPITAL_hospital,NAIDU EYE HOSPITAL,hospital,17.4944322,78.3415653
osm_JEEVAN HOSPITAL_hospital,JEEVAN HOSPITAL,hospital,17.344755,78.5269153
osm_Times Hospital_hospital,Times Hospital,hospital,17.4205712,78.4416855
osm_MEDIVISION SUPER SPECIALTY HOSPITAL_hospital,MEDIVISION SUPER SPECIALTY HOSPITAL,hospital,17.5162288,78.4472376
osm_HEALIX HOSPITAL_hospital,HEALIX HOSPITAL,hospital,17.494321,78.3461505
osm_ZOI HOSPITALS_hospital,ZOI HOSPITALS,hospital,17.3632928,78.4284984
osm_RAJA HOSPITAL_hospital,RAJA HOSPITAL,hospital,17.4366563,78.4399192
osm_THE BIRTHPLACE_hospital,THE BIRTHPLACE,hospital,17.4246755,78.433091
osm_MANKINDD HOSPITAL_hospital,MANKINDD HOSPITAL,hospital,17.4055156,78.4801617
osm_PADMVATI MEDICAL CENTRE_hospital,PADMVATI MEDICAL CENTRE,hospital,17.426232,78.5322033
osm_IRIS EYE HOSPITAL_hospital,IRIS EYE HOSPITAL,hospital,17.3696216,78.4273417
osm_Lakshmi Sailaja Hospiatal_hospital,Lakshmi Sailaja Hospiatal,hospital,17.5084337,78.4614305
osm_Oakridge Hospitals_hospital,Oakridge Hospitals,hospital,17.4448396,78.3855052
osm_RAMA EYE HOSPITAL_hospital,RAMA EYE HOSPITAL,hospital,17.3910435,78.4712635
osm_Sri Vijaya Hospitals_hospital,Sri Vijaya Hospitals,hospital,17.3893119,78.4422313
osm_SRIKARA HOSPITALS_hospital,SRIKARA HOSPITALS,hospital,17.4921363,78.348083
osm_Amrita ENT Head & Neck Hospital_hospital,Amrita ENT Head & Neck Hospital,hospital,17.4885611,78.3915214
osm_B.V.K. REDDY HOSPITAL_hospital,B.V.K. REDDY HOSPITAL,hospital,17.4185789,78.5179152
osm_Human Touch Hospital_hospital,Human Touch Hospital,hospital,17.3529175,78.4180733
osm_REFRACTO EYE HOSPITAL (A GROUP OF CREDIBLE HEALTH CARE PVT LTD )_hospital,REFRACTO EYE HOSPITAL (A GROUP OF CREDIBLE HEALTH CARE PVT LTD ),hospital,17.4620023,78.3669068
osm_GERMANTEN HOSPITALS_hospital,GERMANTEN HOSPITALS,hospital,17.3619565,78.4281778
osm_SHYAM HOSPITAL_hospital,SHYAM HOSPITAL,hospital,17.3230275,78.557235
osm_ANAND EYE INSITUTE_hospital,ANAND EYE INSITUTE,hospital,17.4183281,78.5427846
osm_SRI KARA HOSPITAL_hospital,SRI KARA HOSPITAL,hospital,17.344508,78.5484628
osm_HIGH SIGHT SUPER SPECILAITY EYE HOSPITAL_hospital,HIGH SIGHT SUPER SPECILAITY EYE HOSPITAL,hospital,17.4160331,78.4473536
osm_SMART VISION EYE SPECIALITIES PRIVATE LIMITED_hospital,SMART VISION EYE SPECIALITIES PRIVATE LIMITED,hospital,17.4288986,78.4398817
osm_RAMESH LASIK & LASER CENTRE_hospital,RAMESH LASIK & LASER CENTRE,hospital,17.3985583,78.4847268
osm_VIJAYA SREE HOSPITAL_hospital,VIJAYA SREE HOSPITAL,hospital,17.4954081,78.3213112
osm_ORIENT EYE HOSPITAL_hospital,ORIENT EYE HOSPITAL,hospital,17.3942641,78.4307253
osm_SHINE CHILDREN'S HOSPITAL_hospital,SHINE CHILDREN'S HOSPITAL,hospital,17.3482504,78.5520463
osm_Sri Sri Holistic Hospitals_hospital,Sri Sri Holistic Hospitals,hospital,17.4887428,78.4005457
osm_Saptagiri Hospital_hospital,Saptagiri Hospital,hospital,17.3690962,78.5301608
osm_SAFE KIDS HOSPITALS PRIVATE LIMITED_hospital,SAFE KIDS HOSPITALS PRIVATE LIMITED,hospital,17.3753068,78.4295377
osm_DR RAJASHEKAR REDDY LAPAROSCOPY HOSPITAL_hospital,DR RAJASHEKAR REDDY LAPAROSCOPY HOSPITAL,hospital,17.3542853,78.5470426
osm_ADRM HOSPITAL_hospital,ADRM HOSPITAL,hospital,17.3984982,78.536071
osm_Smart Vision Eye Hospitals Pvt Ltd_hospital,Smart Vision Eye Hospitals Pvt Ltd,hospital,17.4893785,78.4008153
osm_SOUTHERN GEM HOSPITAL_hospital,SOUTHERN GEM HOSPITAL,hospital,17.4058342,78.4754223
osm_ARC HOSPITAL_hospital,ARC HOSPITAL,hospital,17.4714919,78.5676406
osm_SHARADA EYE CARE_hospital,SHARADA EYE CARE,hospital,17.3355392,78.5708083
osm_SREE ROYAL HOSPITAL_hospital,SREE ROYAL HOSPITAL,hospital,17.4635323,78.4562123
osm_SRI SIDDESHWARA HOSPITAL_hospital,SRI SIDDESHWARA HOSPITAL,hospital,17.346624,78.5211218
osm_NEPHROPLUS KIDNEY CARE HOSPITALS_hospital,NEPHROPLUS KIDNEY CARE HOSPITALS,hospital,17.4161502,78.4338641
osm_METRO CURE HOSPITAL_hospital,METRO CURE HOSPITAL,hospital,17.3726148,78.5010025
osm_Green Leaf Health Centre_hospital,Green Leaf Health Centre,hospital,17.4915939,78.4096941
osm_RUSSH SUPER SPECIALITY HOSPITAL_hospital,RUSSH SUPER SPECIALITY HOSPITAL,hospital,17.4997723,78.477497
osm_SHREE POOJA HOSPITAL_hospital,SHREE POOJA HOSPITAL,hospital,17.4230318,78.5470144
osm_Vascular Care Center_hospital,Vascular Care Center,hospital,17.4183012,78.4582441
osm_MCS NEURO HOSPITAL_hospital,MCS NEURO HOSPITAL,hospital,17.4925596,78.3977428
osm_HAPPY HOSPITAL_hospital,HAPPY HOSPITAL,hospital,17.4947571,78.3432363
osm_Landmark Hospital_hospital,Landmark Hospital,hospital,17.4992274,78.3880024
osm_NETRA EYE AND MULTI SPECIALITY HOSPITAL_hospital,NETRA EYE AND MULTI SPECIALITY HOSPITAL,hospital,17.4955297,78.4541658
osm_SECUNDERABAD WOMENS HOSPITAL_hospital,SECUNDERABAD WOMENS HOSPITAL,hospital,17.4392005,78.4803766
osm_SBR Pulse Hospital_hospital,SBR Pulse Hospital,hospital,17.3673811,78.5358068
osm_CITI NEURO CENTER_hospital,CITI NEURO CENTER,hospital,17.4137266,78.4244857
osm_Magnas ENT Hospital_hospital,Magnas ENT Hospital,hospital,17.368126,78.530836
osm_EYE CARE HYDERABAD_hospital,EYE CARE HYDERABAD,hospital,17.3739817,78.4985831
osm_SREE SREYAS HOSPITAL_hospital,SREE SREYAS HOSPITAL,hospital,17.3458905,78.5292422
osm_PACIFIC CLINICS (A Unit of Pacific Hospitals Pvt Ltd.)_hospital,PACIFIC CLINICS (A Unit of Pacific Hospitals Pvt Ltd.),hospital,17.4194759,78.3715081
osm_STORK HOME FERNANDEZ HOSPITAL_hospital,STORK HOME FERNANDEZ HOSPITAL,hospital,17.4070512,78.4412871
osm_Baabaji Nethralaya Eye Hospital_hospital,Baabaji Nethralaya Eye Hospital,hospital,17.4910196,78.3967075
osm_MOTHERHOOD FERTILITY CENTRE_hospital,MOTHERHOOD FERTILITY CENTRE,hospital,17.496072,78.3452386
osm_SUMITHRA HOSPITALS_hospital,SUMITHRA HOSPITALS,hospital,17.3960244,78.559704
osm_MedWise Hospital (A unit of Chirayu Avigna Healthcare)_hospital,MedWise Hospital (A unit of Chirayu Avigna Healthcare),hospital,17.490815,78.396851
osm_SAI SIDDHARTHA HOSPITAL_hospital,SAI SIDDHARTHA HOSPITAL,hospital,17.5171414,78.4449886
osm_AREA HOSPITAL PATANCHERU_hospital,AREA HOSPITAL PATANCHERU,hospital,17.5301584,78.2667411
osm_Sai Bhavani Super Speciality Hospital_hospital,Sai Bhavani Super Speciality Hospital,hospital,17.5162813,78.4473006
osm_Apollo Emergency Centre_hospital,Apollo Emergency Centre,hospital,17.3722481,78.5008469
osm_Amrutha Hospital For Health and Fitness_hospital,Amrutha Hospital For Health and Fitness,hospital,17.3918869,78.4406219
osm_Pavithra Nursing Home_hospital,Pavithra Nursing Home,hospital,17.4401185,78.4236932
osm_Osmania General Hospital's Blood Bank_hospital,Osmania General Hospital's Blood Bank,hospital,17.3728426,78.4740262
osm_Neelima Hospital_hospital,Neelima Hospital,hospital,17.4562216,78.4256515
osm_Nikhil Hospital_hospital,Nikhil Hospital,hospital,17.43034,78.4370834
osm_Vijaya Nursing Home - Vanasthalipuram_hospital,Vijaya Nursing Home - Vanasthalipuram,hospital,17.3349862,78.5706618
osm_Dr.Agarwal's Eye Hospital - Santhosh Nagar_hospital,Dr.Agarwal's Eye Hospital - Santhosh Nagar,hospital,17.3455135,78.5081814
osm_Happy Children Hospital - Chintal_hospital,Happy Children Hospital - Chintal,hospital,17.4963994,78.4523928
osm_Vijaya Hospital_hospital,Vijaya Hospital,hospital,17.4953327,78.3461183
osm_Sri Venkateshwara Nursing Home - Narayanguda_hospital,Sri Venkateshwara Nursing Home - Narayanguda,hospital,17.3944702,78.4889225
osm_Kamineni Fertility Centre_hospital,Kamineni Fertility Centre,hospital,17.3929299,78.4797553
osm_Asha Hospital_hospital,Asha Hospital,hospital,17.483593,78.5580665
osm_Motherhood Clinic_hospital,Motherhood Clinic,hospital,17.4300284,78.3742265
osm_Life Spring Maternity Hospital_hospital,Life Spring Maternity Hospital,hospital,17.5051697,78.5071749
osm_Susheela Hospital - R.K Puram_hospital,Susheela Hospital - R.K Puram,hospital,17.3678054,78.5496034
osm_Omni Hospital - Banjara Hills_hospital,Omni Hospital - Banjara Hills,hospital,17.4074076,78.4428254
osm_Dr.Agarwal's Eye Hospital - Dilsukhnagar_hospital,Dr.Agarwal's Eye Hospital - Dilsukhnagar,hospital,17.3690898,78.5224923
osm_S.S Multi Speciality Hospital_hospital,S.S Multi Speciality Hospital,hospital,17.3369525,78.5507843
osm_Jayanti Maternity and Nursing Home_hospital,Jayanti Maternity and Nursing Home,hospital,17.3893491,78.4734696
osm_Whitus Hospital (A Unit Of Sri Shikhara Hospitals India Pvt Ltd)_hospital,Whitus Hospital (A Unit Of Sri Shikhara Hospitals India Pvt Ltd),hospital,17.4186403,78.5420912
osm_SAFE CHLIDRENS HOSPITAL_hospital,SAFE CHLIDRENS HOSPITAL,hospital,17.3696696,78.5142714
"osm_Royal Ear, Nose and Throat (ENT) Hospital_hospital","Royal Ear, Nose and Throat (ENT) Hospital",hospital,17.385132,78.482281
osm_Dr.syed Ajaz hussain & Dr.syed mumtaz hussain_hospital,Dr.syed Ajaz hussain & Dr.syed mumtaz hussain,hospital,17.3774807,78.4996403
osm_Apex Hospital_hospital,Apex Hospital,hospital,17.3429186,78.541484
osm_Shiva Homoeo Stores and clinic_hospital,Shiva Homoeo Stores and clinic,hospital,17.442029,78.440725
osm_Srija Hospital_hospital,Srija Hospital,hospital,17.4279239,78.3240814
osm_Madhusudhan Hospital_hospital,Madhusudhan Hospital,hospital,17.488394,78.39696
osm_Lions Club Of Hyderabad Multi Speciality Hospital_hospital,Lions Club Of Hyderabad Multi Speciality Hospital,hospital,17.5198207,78.4427883
osm_Vijaylaxmi Maternity Hospital_hospital,Vijaylaxmi Maternity Hospital,hospital,17.468492,78.4576658
osm_Health Care General Hospital_hospital,Health Care General Hospital,hospital,17.539151,78.433749
osm_Amma Hospitals_hospital,Amma Hospitals,hospital,17.372487,78.522991
osm_Saroornagar Hospital_hospital,Saroornagar Hospital,hospital,17.354892,78.532407
osm_Srihitha Hospital_hospital,Srihitha Hospital,hospital,17.367644,78.529654
osm_Hayatt Hospital_hospital,Hayatt Hospital,hospital,17.4012253,78.4124091
osm_Gutta Eye Clinic_hospital,Gutta Eye Clinic,hospital,17.4329564,78.4461388
"osm_Apple Diagnostic & Medical Centre, Kukatpally_hospital","Apple Diagnostic & Medical Centre, Kukatpally",hospital,17.493087,78.4096964
osm_RM Hospital_hospital,RM Hospital,hospital,17.5101637,78.2998532
osm_Alavi Hospital_hospital,Alavi Hospital,hospital,17.492517,78.451227
osm_Chaitanya Hospital_hospital,Chaitanya Hospital,hospital,17.4694418,78.4256774
osm_ZOI Hospital_hospital,ZOI Hospital,hospital,17.4277736,78.4573355
osm_Nadipathy Hospital_hospital,Nadipathy Hospital,hospital,17.321219,78.568712
osm_Trichos Skin Care_hospital,Trichos Skin Care,hospital,17.4889369,78.4006671
osm_Harsha Dental Dantam Network Dental Hospitals_hospital,Harsha Dental Dantam Network Dental Hospitals,hospital,17.4958036,78.4524391
osm_JBI Hospital_hospital,JBI Hospital,hospital,17.4092386,78.4007023
osm_J.K. Hospital_hospital,J.K. Hospital,hospital,17.4933988,78.3979717
osm_Bakoban Hospital_hospital,Bakoban Hospital,hospital,17.322434,78.4801
osm_Sri Sai Rama Clinic_hospital,Sri Sai Rama Clinic,hospital,17.4452339,78.4617537
osm_Medicare Hospital_hospital,Medicare Hospital,hospital,17.3554702,78.4636083
osm_Sri Lakshmi Hospital_hospital,Sri Lakshmi Hospital,hospital,17.3222518,78.4307242
osm_Suraksha Women And Children Hospital_hospital,Suraksha Women And Children Hospital,hospital,17.517046,78.480475
osm_Sujatha Hospital_hospital,Sujatha Hospital,hospital,17.3223098,78.4305647
osm_Eureka Hospital_hospital,Eureka Hospital,hospital,17.509869,78.299367
osm_Vasundhara Hospital_hospital,Vasundhara Hospital,hospital,17.473479,78.421673
osm_Salamah Hospital_hospital,Salamah Hospital,hospital,17.3921804,78.4264492
osm_Aradhya Multi Speciality Hospital_hospital,Aradhya Multi Speciality Hospital,hospital,17.4691677,78.4275318
osm_Raman Hospital_hospital,Raman Hospital,hospital,17.4956577,78.4532466
osm_Skorts Multi Speciality Clinics_hospital,Skorts Multi Speciality Clinics,hospital,17.443615,78.434617
osm_IBM Hospital_hospital,IBM Hospital,hospital,17.3957352,78.4175241
osm_Shreya Hospitals_hospital,Shreya Hospitals,hospital,17.4795083,78.3202454
osm_Lakshmi Priya Nursing_hospital,Lakshmi Priya Nursing,hospital,17.4028303,78.5741446
osm_SKIMS Hospital_hospital,SKIMS Hospital,hospital,17.4023438,78.5670163
osm_బిబిఆర్ సూపర్ స్పెషలిటీ హాస్పిటల్_hospital,బిబిఆర్ సూపర్ స్పెషలిటీ హాస్పిటల్,hospital,17.4642455,78.4571122
osm_Sri Nitya Hospital_hospital,Sri Nitya Hospital,hospital,17.324086,78.556886
osm_Sakhi Hospital_hospital,Sakhi Hospital,hospital,17.3293045,78.5645447
osm_Archana Multi Speciality Hospital_hospital,Archana Multi Speciality Hospital,hospital,17.4934982,78.3209211
osm_SAI RAM MULTI SPECIALITY HOSPITAL (ARK HEALTH CARE PVT LTD)_hospital,SAI RAM MULTI SPECIALITY HOSPITAL (ARK HEALTH CARE PVT LTD),hospital,17.3659362,78.5255259
osm_SRU Facture & Plastic Surgery_hospital,SRU Facture & Plastic Surgery,hospital,17.4942384,78.3995332
osm_Gangaram Community Hall Health Sub Center_hospital,Gangaram Community Hall Health Sub Center,hospital,17.4944955,78.3296853
"osm_Community Health Centre, Panipura_hospital","Community Health Centre, Panipura",hospital,17.3732371,78.446451
osm_SHREYA HOSPITAL_hospital,SHREYA HOSPITAL,hospital,17.4509475,78.4235564
osm_DR NAVEEN REDDYS GENERAL HOSPITAL_hospital,DR NAVEEN REDDYS GENERAL HOSPITAL,hospital,17.4546149,78.4200095
osm_Medicure Diagnostic and Research Center(Alekhya Scanning Center)_hospital,Medicure Diagnostic and Research Center(Alekhya Scanning Center),hospital,17.3953666,78.4544152
osm_KIMS Cruddle_hospital,KIMS Cruddle,hospital,17.4659669,78.3678073
osm_srisri holistic_hospital,srisri holistic,hospital,17.5028997,78.3887517
osm_Durga prasad_hospital,Durga prasad,hospital,17.4234633,78.5478069
osm_SHEKAR HOSPITAL_hospital,SHEKAR HOSPITAL,hospital,17.4787553,78.4816433
osm_Apollo_hospital,Apollo,hospital,17.4594547,78.3659801
osm_Titan eye plus_hospital,Titan eye plus,hospital,17.4948228,78.3401789
osm_Mythri Clinic_hospital,Mythri Clinic,hospital,17.5035172,78.4156543
osm_Srinivasa Hospital_hospital,Srinivasa Hospital,hospital,17.4406949,78.3943588
osm_lifespan hospitals_hospital,lifespan hospitals,hospital,17.44582,78.3924173
osm_Samanta Homeopathy_hospital,Samanta Homeopathy,hospital,17.4413783,78.3880897
osm_Shresta hospital_hospital,Shresta hospital,hospital,17.4366221,78.4457432
osm_Ankura Children hospital_hospital,Ankura Children hospital,hospital,17.4947296,78.341244
osm_konark diagonistic center_hospital,konark diagonistic center,hospital,17.3685916,78.5187388
osm_Dr.agarwals_hospital,Dr.agarwals,hospital,17.493937,78.351628
osm_Dr. Moinuddin clinic_hospital,Dr. Moinuddin clinic,hospital,17.394532,78.4352772
osm_Vijaya Diagnostic Centre_hospital,Vijaya Diagnostic Centre,hospital,17.3946369,78.4384775
osm_Vijaya diagnostics_hospital,Vijaya diagnostics,hospital,17.3364058,78.569899
osm_saidatha homeo stores and clinic_hospital,saidatha homeo stores and clinic,hospital,17.4866535,78.3912724
osm_Govt Hospital_hospital,Govt Hospital,hospital,17.397386,78.4294337
osm_Bhaskara Hospital_hospital,Bhaskara Hospital,hospital,17.51644,78.445742
osm_Tirumala Nursing home_hospital,Tirumala Nursing home,hospital,17.4998816,78.3574735
osm_FAITH HOSIPTAL_hospital,FAITH HOSIPTAL,hospital,17.3591366,78.4945773
osm_Raaj Hospital_hospital,Raaj Hospital,hospital,17.4044163,78.4838359
osm_Bharati Nursing Home_hospital,Bharati Nursing Home,hospital,17.4492625,78.4473693
osm_Osmania clinic_hospital,Osmania clinic,hospital,17.3713436,78.5018929
osm_People's health care_hospital,People's health care,hospital,17.5361942,78.4362911
osm_VITAL'S Hospital_hospital,VITAL'S Hospital,hospital,17.5070065,78.395168
osm_yashoda_hospital,yashoda,hospital,17.3914914,78.5113902
"osm_Medicover Hospital ,Chandanagar_hospital","Medicover Hospital ,Chandanagar",hospital,17.498279,78.3146178
"osm_Preeti Urology & Kidney Hospital ,BHEL, Lingampally_hospital","Preeti Urology & Kidney Hospital ,BHEL, Lingampally",hospital,17.4943209,78.3168615
osm_Kamineni Hospital_hospital,Kamineni Hospital,hospital,17.3614317,78.5539533
osm_Aware Global Hospitals_hospital,Aware Global Hospitals,hospital,17.3347442,78.5530454
osm_Archana Hospital_hospital,Archana Hospital,hospital,17.4940216,78.3227858
osm_Hegde Hospital_hospital,Hegde Hospital,hospital,17.4446234,78.384659
osm_Rainbow Children Hospital_hospital,Rainbow Children Hospital,hospital,17.4554623,78.3720097
"osm_Pace Hospitals ,Madinaguda_hospital","Pace Hospitals ,Madinaguda",hospital,17.4940229,78.3470745
osm_Uchvaas Hospital_hospital,Uchvaas Hospital,hospital,17.4121129,78.4229918
osm_Bhrungi Hospitals_hospital,Bhrungi Hospitals,hospital,17.3137197,78.560974
osm_Health Valley Hospital_hospital,Health Valley Hospital,hospital,17.4644176,78.3682452
osm_Viswas Hospital_hospital,Viswas Hospital,hospital,17.3401158,78.52185
osm_Tricolour Hospital_hospital,Tricolour Hospital,hospital,17.393868,78.5226426
osm_Prathima Hospitals_hospital,Prathima Hospitals,hospital,17.3902616,78.495225
"osm_Government ENT Hospital ,Koti_hospital","Government ENT Hospital ,Koti",hospital,17.3845228,78.4820151
osm_SKS Hospital_hospital,SKS Hospital,hospital,17.4753103,78.4857756
osm_Navodaya Hospital_hospital,Navodaya Hospital,hospital,17.4416653,78.4860599
osm_Tapadia Diagnostics Centre_hospital,Tapadia Diagnostics Centre,hospital,17.4012471,78.5636616
osm_Brinnova rehabilation centre_hospital,Brinnova rehabilation centre,hospital,17.4109164,78.432519
"osm_Vijaya Diagnostic Centre, Himayatnagar_hospital","Vijaya Diagnostic Centre, Himayatnagar",hospital,17.4041507,78.479872
osm_Oasis Fertility Centre_hospital,Oasis Fertility Centre,hospital,17.4419494,78.4899303
osm_Basant Sahney Hospital_hospital,Basant Sahney Hospital,hospital,17.4444622,78.5048595
osm_Oasis Fertility Centre_hospital,Oasis Fertility Centre,hospital,17.4263881,78.4204343
osm_Vasavi Hospital_hospital,Vasavi Hospital,hospital,17.3632288,78.5449317
osm_Partha Dental Skin Hair Clinic_hospital,Partha Dental Skin Hair Clinic,hospital,17.438752,78.4505019
osm_S L Diagnostic Center_hospital,S L Diagnostic Center,hospital,17.4102165,78.461228
"osm_Praba's VCare Health Clinic (P) Ltd, Gachibowli_hospital","Praba's VCare Health Clinic (P) Ltd, Gachibowli",hospital,17.4507108,78.3631503
"osm_Government Hospital, Suraj Bhan_hospital","Government Hospital, Suraj Bhan",hospital,17.3535608,78.4745425
osm_Mina multi speciality Hospital_hospital,Mina multi speciality Hospital,hospital,17.3730487,78.4838444
osm_Dr Naveen Reddy Hospital_hospital,Dr Naveen Reddy Hospital,hospital,17.4535446,78.4206489
"osm_Railway Health Unit, Kachiguda_hospital","Railway Health Unit, Kachiguda",hospital,17.3867056,78.4950359
osm_Madhava Nursing Home_hospital,Madhava Nursing Home,hospital,17.4401505,78.4936257
osm_MAA E.N.T. Hospitals_hospital,MAA E.N.T. Hospitals,hospital,17.4272659,78.4143269
osm_OMNI Hospitals_hospital,OMNI Hospitals,hospital,17.4853838,78.4109567
osm_Remedy Hospitals_hospital,Remedy Hospitals,hospital,17.4855041,78.3908053
"osm_Prasad Hospitals ,Nacharam_hospital","Prasad Hospitals ,Nacharam",hospital,17.4384053,78.5551261
osm_Sivananda Rehabilitation Home_hospital,Sivananda Rehabilitation Home,hospital,17.48884,78.4083858
osm_Cosmo Derma_hospital,Cosmo Derma,hospital,17.4908668,78.3970173
osm_Padmaja Hospital_hospital,Padmaja Hospital,hospital,17.4869463,78.3994145
osm_Pathcare Labs Pvt Ltd_hospital,Pathcare Labs Pvt Ltd,hospital,17.444713,78.4691593
osm_Srujana Hospitals_hospital,Srujana Hospitals,hospital,17.5057005,78.4670243
osm_Paramitha Children's Hospital_hospital,Paramitha Children's Hospital,hospital,17.3582035,78.5444422
osm_Tesla Diagnostics_hospital,Tesla Diagnostics,hospital,17.4957164,78.4525108
osm_K K Reddy Hospital_hospital,K K Reddy Hospital,hospital,17.4919994,78.3972386
osm_Goutam Neuro Care_hospital,Goutam Neuro Care,hospital,17.4928129,78.397999
osm_Dr. Rao's ENT Super Speciality International Hospital_hospital,Dr. Rao's ENT Super Speciality International Hospital,hospital,17.4881237,78.3949721
osm_Centre for DNA Fingerprinting and Diagnostics_hospital,Centre for DNA Fingerprinting and Diagnostics,hospital,17.3931001,78.5575394
osm_Nandini Hospital_hospital,Nandini Hospital,hospital,17.4867461,78.5540117
"osm_Udbhava Hospital ,Miyapur_hospital","Udbhava Hospital ,Miyapur",hospital,17.4951229,78.3574077
osm_Excel Hospitals_hospital,Excel Hospitals,hospital,17.5079988,78.5022081
osm_Ananya Hospital_hospital,Ananya Hospital,hospital,17.4847174,78.4129804
osm_People's Hospital_hospital,People's Hospital,hospital,17.4829023,78.4134217
osm_Shree Healthcare Multi Specialty Hospital_hospital,Shree Healthcare Multi Specialty Hospital,hospital,17.4009873,78.5794678
osm_Ferticare IVF Asist_hospital,Ferticare IVF Asist,hospital,17.4274056,78.4321671
osm_DTC TB Unit Erragadda_hospital,DTC TB Unit Erragadda,hospital,17.4452155,78.4324096
osm_Dr.Vivek's Multispeciality Dental care_hospital,Dr.Vivek's Multispeciality Dental care,hospital,17.4472339,78.4326449
osm_Shakti Ayurvedic Clinic_hospital,Shakti Ayurvedic Clinic,hospital,17.4475965,78.5089418
osm_Rahul Meidials_hospital,Rahul Meidials,hospital,17.4527375,78.5648775
osm_Nandini_hospital,Nandini,hospital,17.4527443,78.5647251
osm_vijaya diagonistics_hospital,vijaya diagonistics,hospital,17.4632492,78.5615635
osm_Government uphc_hospital,Government uphc,hospital,17.4622327,78.5587486
osm_kamineni_hospital,kamineni,hospital,17.3532901,78.5589741
osm_Chenna reddy hospital_hospital,Chenna reddy hospital,hospital,17.4940583,78.3212245
osm_balaji hospital_hospital,balaji hospital,hospital,17.5026194,78.4207649
osm_PRAANAA PAIN CLINIC_hospital,PRAANAA PAIN CLINIC,hospital,17.3646406,78.4286144
osm_sri sri holistic hospitals_hospital,sri sri holistic hospitals,hospital,17.5020423,78.3889444
osm_Railway hospital_hospital,Railway hospital,hospital,17.4434504,78.5461318
osm_آئی کیئر حیدرآباد (سپر اسپیشلٹی آئی ہسپتال)_hospital,آئی کیئر حیدرآباد (سپر اسپیشلٹی آئی ہسپتال),hospital,17.3759689,78.4973599
osm_Mythri Hospital_hospital,Mythri Hospital,hospital,17.3836203,78.4292848
osm_Vinayaka Nethralaya Eye Hospital_hospital,Vinayaka Nethralaya Eye Hospital,hospital,17.3932979,78.4261156
osm_hs_hospital,hs,hospital,17.4359366,78.5426952
osm_Avinash child hospital_hospital,Avinash child hospital,hospital,17.4146159,78.4539247
osm_Dr Agarwals Eye Hospital_hospital,Dr Agarwals Eye Hospital,hospital,17.4310175,78.3716983
osm_Sri rama clinic_hospital,Sri rama clinic,hospital,17.4410992,78.5720791
"osm_Community Health Centre, Lalapet_hospital","Community Health Centre, Lalapet",hospital,17.4388301,78.54187
"osm_Community Health Centre, AMBERPET_hospital","Community Health Centre, AMBERPET",hospital,17.3921953,78.5178213
osm_Area Hospital_hospital,Area Hospital,hospital,17.3314694,78.5652052
"osm_Community Health Centre, Seethaphalmandi_hospital","Community Health Centre, Seethaphalmandi",hospital,17.4265349,78.5192979
osm_Sarojini Devi EYE Hospital_hospital,Sarojini Devi EYE Hospital,hospital,17.4137227,78.4911923
osm_AREA HOSPITAL MALKAJGIRI_hospital,AREA HOSPITAL MALKAJGIRI,hospital,17.4504805,78.5321201
"osm_DK Govt Homoeopathic Hospital, Ramanthapur, Hyd_hospital","DK Govt Homoeopathic Hospital, Ramanthapur, Hyd",hospital,17.3979133,78.5310178
osm_CHC KHAIRATABAD_hospital,CHC KHAIRATABAD,hospital,17.4448127,78.4219109
"osm_Community Health Centre, AMEERPET_hospital","Community Health Centre, AMEERPET",hospital,17.4485486,78.4248854
osm_Shishira hospitals_hospital,Shishira hospitals,hospital,17.4317717,78.4455728
osm_Image Hospital_hospital,Image Hospital,hospital,17.4314966,78.4473474
osm_Medkid children's hospital_hospital,Medkid children's hospital,hospital,17.4302495,78.4487075
osm_Maholla Clinic_hospital,Maholla Clinic,hospital,17.4566753,78.4115501
osm_Mohammadi Clinic_hospital,Mohammadi Clinic,hospital,17.4564341,78.4103806
osm_Susheela Hospital_hospital,Susheela Hospital,hospital,17.3934464,78.5365962
osm_appolo medical shop1_hospital,appolo medical shop1,hospital,17.3147451,78.6007159
osm_JNTU Hospital_hospital,JNTU Hospital,hospital,17.4915484,78.3910656
osm_Omega Hospitals_hospital,Omega Hospitals,hospital,17.4364246,78.3675806
osm_Amar Hospitals_hospital,Amar Hospitals,hospital,17.4771569,78.4204028
osm_Yashoda Hospitals_hospital,Yashoda Hospitals,hospital,17.4622687,78.384176
osm_Sunridge Multi-Speciality Hospital_hospital,Sunridge Multi-Speciality Hospital,hospital,17.4538625,78.421752
osm_D.K.GOVT. HOMOEO HOSPITAL_hospital,D.K.GOVT. HOMOEO HOSPITAL,hospital,17.3841667,78.4562354
"osm_Government Ayurvedic Hospital, Erragadda, Hyderabad_hospital","Government Ayurvedic Hospital, Erragadda, Hyderabad",hospital,17.4487092,78.4338427
osm_Community Health Centre Rajendranagar_hospital,Community Health Centre Rajendranagar,hospital,17.3203486,78.4018045
"osm_Community Health Centre, BARKAS_hospital","Community Health Centre, BARKAS",hospital,17.3144808,78.4831721
osm_Niloufer Hospital_hospital,Niloufer Hospital,hospital,17.3986812,78.4610376
"osm_Area Hospital, Golconda_hospital","Area Hospital, Golconda",hospital,17.3975018,78.4293977
osm_Government Chest Hospital_hospital,Government Chest Hospital,hospital,17.4454284,78.434959
"osm_MG Govt Maternity Hospital, Petla Burz_hospital","MG Govt Maternity Hospital, Petla Burz",hospital,17.3684615,78.4674183
osm_MNJ Institute of Oncology and Regional Cancer Center_hospital,MNJ Institute of Oncology and Regional Cancer Center,hospital,17.392244,78.4601927
osm_Institute of Mental Health_hospital,Institute of Mental Health,hospital,17.4506724,78.4361121
osm_MK Dentistry_hospital,MK Dentistry,hospital,17.3951477,78.4556625
osm_SK + Diagnostics_hospital,SK + Diagnostics,hospital,17.4754498,78.5681603
osm_Revive Multispeciality Hospital_hospital,Revive Multispeciality Hospital,hospital,17.4865279,78.4497546
osm_Sai charan Children's hospital_hospital,Sai charan Children's hospital,hospital,17.3959816,78.5299056
osm_Janani infertility center_hospital,Janani infertility center,hospital,17.3943514,78.5299096
osm_Reborn Skin and Hair Clinic_hospital,Reborn Skin and Hair Clinic,hospital,17.4731157,78.3872398
osm_Sai Ayush Ayurveda Hospital - wellness Hyderabad_hospital,Sai Ayush Ayurveda Hospital - wellness Hyderabad,hospital,17.473193,78.3871998
osm_Renova Hospitals_hospital,Renova Hospitals,hospital,17.3733681,78.414395
osm_Pi Health Hospital_hospital,Pi Health Hospital,hospital,17.4482414,78.3605759
osm_Oneders Clinics_hospital,Oneders Clinics,hospital,17.4090636,78.3999909
osm_Medicare Hospitals_hospital,Medicare Hospitals,hospital,17.349695,78.5483858
osm_Arete Hospitals_hospital,Arete Hospitals,hospital,17.4276743,78.3749073
osm_Dental clinic_hospital,Dental clinic,hospital,17.3968148,78.5014822
osm_eyes specalist_hospital,eyes specalist,hospital,17.4126071,78.4901536
osm_Gautham Model School_school,Gautham Model School,school,17.4427279,78.4453558
osm_S.V.E.S High School_school,S.V.E.S High School,school,17.4054551,78.5122245
osm_Jyothi Bala Mandir High School_school,Jyothi Bala Mandir High School,school,17.4075707,78.5135035
osm_Jingle Bell School_school,Jingle Bell School,school,17.3957311,78.4884345
"osm_Narayana Junior College, AIEEE_school","Narayana Junior College, AIEEE",school,17.4004331,78.4883969
osm_Holy Mary Girls High School_school,Holy Mary Girls High School,school,17.404402,78.4578133
osm_St.Josephs High School_school,St.Josephs High School,school,17.3937581,78.4524941
osm_Goutham Model School_school,Goutham Model School,school,17.4015388,78.484836
osm_Sujatha High School_school,Sujatha High School,school,17.3947951,78.4730227
osm_Little Flower High School_school,Little Flower High School,school,17.393638,78.474754
osm_Little Flower Primary School_school,Little Flower Primary School,school,17.3925192,78.4740505
osm_Nasr School_school,Nasr School,school,17.4113728,78.4588295
osm_Wesley High School_school,Wesley High School,school,17.4404012,78.4865035
osm_Sharada High_school,Sharada High,school,17.4412917,78.3914009
osm_Hyderabad Public School_school,Hyderabad Public School,school,17.400104,78.5362094
osm_Springfields School_school,Springfields School,school,17.4135412,78.4445973
osm_MRR School_school,MRR School,school,17.4800428,78.5795251
osm_Sandeepamn Vidyalaya_school,Sandeepamn Vidyalaya,school,17.4260413,78.5361627
osm_Johnson Grammar School_school,Johnson Grammar School,school,17.4167468,78.5427381
osm_Narayana Junior College_school,Narayana Junior College,school,17.4187133,78.544213
osm_Institute of Aircraft Maintenance Engineering_school,Institute of Aircraft Maintenance Engineering,school,17.4593819,78.4573288
osm_Balaji High School_school,Balaji High School,school,17.4510732,78.5334689
osm_Durga Bhavani High School_school,Durga Bhavani High School,school,17.4516847,78.5341421
osm_Zilla Parishad Boys High School_school,Zilla Parishad Boys High School,school,17.4505256,78.5340322
osm_Zilla Parishad Girls high School_school,Zilla Parishad Girls high School,school,17.4504309,78.5333857
osm_Saraswati High School_school,Saraswati High School,school,17.4527246,78.5278602
osm_Bhegas High School_school,Bhegas High School,school,17.4532108,78.528005
osm_St. Joseph's Girls High School_school,St. Joseph's Girls High School,school,17.396378,78.4773556
osm_St. Peter High School_school,St. Peter High School,school,17.4095337,78.4880547
osm_Rockwoods High School_school,Rockwoods High School,school,17.409656,78.4871622
osm_Rockwoods High School_school,Rockwoods High School,school,17.4100043,78.4849523
osm_Lotus Lap School_school,Lotus Lap School,school,17.3328694,78.5687059
osm_DAV Public School_school,DAV Public School,school,17.4949726,78.4105957
"osm_Kendriya Vidyalaya, DRDO, Kanchanbagh_school","Kendriya Vidyalaya, DRDO, Kanchanbagh",school,17.3395118,78.5019168
osm_Kendirya Vidyalaya_school,Kendirya Vidyalaya,school,17.4393096,78.3549913
osm_Siddhartha Residential School_school,Siddhartha Residential School,school,17.4293121,78.437955
osm_Hindu Public School_school,Hindu Public School,school,17.4531263,78.4410265
osm_Chirec Public School_school,Chirec Public School,school,17.4624493,78.3517334
osm_government school_school,government school,school,17.4362507,78.4282993
osm_Dharmavant High School_school,Dharmavant High School,school,17.3618384,78.4819749
osm_St. Theresa High School_school,St. Theresa High School,school,17.4807281,78.5594102
"osm_narayana school,iit_school","narayana school,iit",school,17.4086181,78.4898943
osm_siddhartha High School_school,siddhartha High School,school,17.3304618,78.5694074
osm_Loyola Montessori House_school,Loyola Montessori House,school,17.3303492,78.5693859
osm_eurokids ashok nagar_school,eurokids ashok nagar,school,17.4089994,78.4892653
osm_little gems play school/sri sai ram tutorial_school,little gems play school/sri sai ram tutorial,school,17.4135294,78.4946359
osm_Rv model hight school_school,Rv model hight school,school,17.535571,78.4412727
osm_z.p.g.h.s. ground_school,z.p.g.h.s. ground,school,17.5287955,78.2639747
osm_Nanakramguda Govt primary school_school,Nanakramguda Govt primary school,school,17.4195743,78.3525084
osm_GRIET_school,GRIET,school,17.5197682,78.362891
osm_Sri Chaitanya Junior College_school,Sri Chaitanya Junior College,school,17.4199188,78.411861
osm_Siddhartha Degree College_school,Siddhartha Degree College,school,17.4319663,78.4452586
osm_cognizant collage of commerce_school,cognizant collage of commerce,school,17.4315389,78.450199
osm_baghlingampally_school,baghlingampally,school,17.4020587,78.4985239
osm_St Anthony high school_school,St Anthony high school,school,17.4031097,78.4886592
osm_Sri chaitanya high school_school,Sri chaitanya high school,school,17.4014253,78.4890028
osm_Howard school_school,Howard school,school,17.4018367,78.4871071
osm_Avanthi degree&pg college_school,Avanthi degree&pg college,school,17.4003618,78.4905945
osm_Smiles indian school_school,Smiles indian school,school,17.4017724,78.4861487
osm_St Anthony high school_school,St Anthony high school,school,17.4019162,78.4885635
osm_St Anthony high school_school,St Anthony high school,school,17.4031177,78.4885756
osm_People's High school_school,People's High school,school,17.4040476,78.4888685
"osm_St Paul degree and pg college, St Joseph Jr college_school","St Paul degree and pg college, St Joseph Jr college",school,17.4026174,78.4871893
osm_St Anthony high school_school,St Anthony high school,school,17.4030771,78.4885458
osm_Divyanjali High School._school,Divyanjali High School.,school,17.3967553,78.5156444
osm_Safrani Memorial High School_school,Safrani Memorial High School,school,17.4104845,78.3937958
osm_Zee School_school,Zee School,school,17.3223319,78.6034148
osm_ST Anns School_school,ST Anns School,school,17.3978823,78.4540839
osm_Pavithra International School_school,Pavithra International School,school,17.4790753,78.3177739
osm_Triveni Talent Schools_school,Triveni Talent Schools,school,17.4895943,78.3142119
osm_Orchard_school,Orchard,school,17.4419194,78.3984172
osm_St joseph's public school_school,St joseph's public school,school,17.3680742,78.5156883
osm_Vignan Prabha High School_school,Vignan Prabha High School,school,17.4891585,78.3886658
osm_Mythri High School_school,Mythri High School,school,17.4870703,78.3199625
osm_BNR Brilliant High School_school,BNR Brilliant High School,school,17.4146274,78.4081844
osm_Sri Vidya vardhini high school_school,Sri Vidya vardhini high school,school,17.3593826,78.5045484
osm_Kare school_school,Kare school,school,17.3621596,78.5020934
osm_Anjuman High School_school,Anjuman High School,school,17.4172897,78.4947636
osm_Anjuman Girls High School (Urdu Medium)_school,Anjuman Girls High School (Urdu Medium),school,17.4169063,78.4946918
osm_St. Mary's High School_school,St. Mary's High School,school,17.4389161,78.5031436
osm_St Joseph high school (kindergarten block)_school,St Joseph high school (kindergarten block),school,17.3940612,78.4514384
osm_Indus Universal School_school,Indus Universal School,school,17.5067372,78.5550126
osm_St.Pauls Model School_school,St.Pauls Model School,school,17.4998062,78.5464957
osm_Shishu vihar High School_school,Shishu vihar High School,school,17.5279933,78.2668438
osm_Sharada School_school,Sharada School,school,17.4416821,78.3917014
osm_Ravindra bharati school_school,Ravindra bharati school,school,17.4985377,78.3839858
osm_Sri chaitanya school_school,Sri chaitanya school,school,17.3944606,78.4382545
osm_marvadi high school_school,marvadi high school,school,17.4387618,78.4856916
osm_Tiny tots school_school,Tiny tots school,school,17.3918238,78.4373826
osm_siddhartha model high school_school,siddhartha model high school,school,17.3311282,78.5791879
osm_zikra high_school,zikra high,school,17.4279469,78.4566424
osm_Viveka Vardhani School_school,Viveka Vardhani School,school,17.3834054,78.4793975
osm_Madarath Internation School_school,Madarath Internation School,school,17.3961077,78.4538397
osm_Goutham Model School_school,Goutham Model School,school,17.3984025,78.4660613
osm_City Model High School_school,City Model High School,school,17.3306272,78.6087266
osm_Surabhi high school_school,Surabhi high school,school,17.4116516,78.4921981
osm_Dilsukhnagar Public School_school,Dilsukhnagar Public School,school,17.3694191,78.5276043
osm_Goutham Model School_school,Goutham Model School,school,17.3707541,78.5264074
osm_Brilliant School_school,Brilliant School,school,17.3694149,78.5226345
osm_Narayana high school_school,Narayana high school,school,17.482897,78.413034
osm_Government Boys High School_school,Government Boys High School,school,17.4288187,78.4983748
osm_Sherwood Public School_school,Sherwood Public School,school,17.5114641,78.4759629
osm_ZPHS school_school,ZPHS school,school,17.4926156,78.4076778
osm_Iris Florets_school,Iris Florets,school,17.4787974,78.5531084
osm_Prachin Global School_school,Prachin Global School,school,17.4959701,78.3374513
osm_Sri Chaitanya Techno School_school,Sri Chaitanya Techno School,school,17.43626,78.436907
osm_Panchaseela School_school,Panchaseela School,school,17.4694437,78.4257811
osm_Geetanjali Olympiad Schools_school,Geetanjali Olympiad Schools,school,17.492959,78.409658
osm_Visva Bharati High School_school,Visva Bharati High School,school,17.440133,78.439747
osm_Manjeera High School_school,Manjeera High School,school,17.5261263,78.2653082
osm_Ameri KIDS International & SWETCHA Schools_school,Ameri KIDS International & SWETCHA Schools,school,17.439112,78.434176
osm_Papillon Play School_school,Papillon Play School,school,17.4437108,78.4335884
osm_Vivekananda Convent High School_school,Vivekananda Convent High School,school,17.4650177,78.4278693
osm_Zilla Parishad High School_school,Zilla Parishad High School,school,17.4693449,78.4253813
osm_Narayana High School_school,Narayana High School,school,17.4987339,78.3942688
osm_Gowtham Model School_school,Gowtham Model School,school,17.49252,78.348221
osm_S.M. Model School_school,S.M. Model School,school,17.4690438,78.4197439
osm_Cgr International School_school,Cgr International School,school,17.4485037,78.3916644
osm_EURO PLAY SCHOOL_school,EURO PLAY SCHOOL,school,17.4797317,78.4807073
osm_Narayana Techno School_school,Narayana Techno School,school,17.4496165,78.3871243
osm_Manthan international school._school,Manthan international school.,school,17.4481069,78.3922831
osm_Swectha - The Complete School_school,Swectha - The Complete School,school,17.4497497,78.3920549
osm_Mudhra High School_school,Mudhra High School,school,17.4417857,78.5668286
osm_St. Mathews High School_school,St. Mathews High School,school,17.429639,78.5509227
osm_Seventh-day Adventist high school_school,Seventh-day Adventist high school,school,17.4401021,78.5004359
osm_Nagarjuna Grammar High School_school,Nagarjuna Grammar High School,school,17.4937687,78.3204071
osm_shaikpet government high school_school,shaikpet government high school,school,17.4022481,78.3982147
osm_Sakubhai memorial high school_school,Sakubhai memorial high school,school,17.405749,78.3948017
osm_Valli high school_school,Valli high school,school,17.4061906,78.4010392
osm_ZPHS School_school,ZPHS School,school,17.4409254,78.3869638
osm_Govt Mandala Praja Parishad Primary School_school,Govt Mandala Praja Parishad Primary School,school,17.4416461,78.3879022
osm_Rock Well International School Activity Block_school,Rock Well International School Activity Block,school,17.4379379,78.3986744
"osm_Indus International primary school, Jubilee Hills_school","Indus International primary school, Jubilee Hills",school,17.4351502,78.4046871
osm_SR Digi School Jubilee Hills_school,SR Digi School Jubilee Hills,school,17.4393355,78.3949019
osm_Sri Chaitanya school_school,Sri Chaitanya school,school,17.4459249,78.3988488
osm_Kenedy World School_school,Kenedy World School,school,17.4442725,78.397769
osm_Angel's Convent High School_school,Angel's Convent High School,school,17.3529531,78.507007
osm_Kids r Kids_school,Kids r Kids,school,17.4881204,78.3872787
osm_Sharadha the school_school,Sharadha the school,school,17.4933644,78.3882049
osm_Sri Chaitanya School_school,Sri Chaitanya School,school,17.4953658,78.3885666
osm_Zilla Parishad High School_school,Zilla Parishad High School,school,17.5325342,78.5161065
osm_Slate The school_school,Slate The school,school,17.4380651,78.449212
osm_Sai Latha Model High School_school,Sai Latha Model High School,school,17.5164698,78.4411395
osm_Sailatha model high school_school,Sailatha model high school,school,17.516343,78.441079
osm_Good Shepherd High School_school,Good Shepherd High School,school,17.51508,78.439312
osm_Gitanjali Primary School_school,Gitanjali Primary School,school,17.4400468,78.4579903
osm_Triveni Kids_school,Triveni Kids,school,17.493068,78.4046109
osm_Triveni Kids_school,Triveni Kids,school,17.5098021,78.3005066
osm_Gayatri High School_school,Gayatri High School,school,17.484386,78.382066
osm_Sraddha concept school_school,Sraddha concept school,school,17.5027937,78.4293956
osm_Matrusi techno school_school,Matrusi techno school,school,17.3970103,78.5037892
osm_Janapriya Schools_school,Janapriya Schools,school,17.4907311,78.3580679
osm_Roa's Schools_school,Roa's Schools,school,17.4946264,78.3556961
osm_St.Martins High School_school,St.Martins High School,school,17.4957622,78.3591655
osm_mother's high school_school,mother's high school,school,17.3964354,78.5028158
osm_Arya bhatta high school_school,Arya bhatta high school,school,17.3968972,78.5025045
osm_Oasis School_school,Oasis School,school,17.4120759,78.396375
osm_ravindra bharathi school_school,ravindra bharathi school,school,17.3674335,78.5219518
osm_Arya bhatta primary school_school,Arya bhatta primary school,school,17.3979094,78.5024885
osm_Ravindra Bharati High School_school,Ravindra Bharati High School,school,17.3270095,78.5748358
osm_Sree Vani High School_school,Sree Vani High School,school,17.5339615,78.2673539
osm_St.Josephs high school_school,St.Josephs high school,school,17.5337495,78.2715024
osm_Vidyanikethan High School_school,Vidyanikethan High School,school,17.5334177,78.2667648
osm_Nobel High School_school,Nobel High School,school,17.5315904,78.2678404
osm_Chaitanya High School_school,Chaitanya High School,school,17.5383978,78.2662593
osm_Castletown School_school,Castletown School,school,17.4971032,78.3604199
osm_castle town school_school,castle town school,school,17.4946932,78.3563015
osm_G. Pulla Reddy High School_school,G. Pulla Reddy High School,school,17.3931364,78.4365999
osm_G. Pulla Reddy High School grounds_school,G. Pulla Reddy High School grounds,school,17.3941834,78.4365354
osm_Montridge high school_school,Montridge high school,school,17.5232027,78.4159559
osm_IICT - Zaheer Memorial High School_school,IICT - Zaheer Memorial High School,school,17.4176725,78.5476721
"osm_Kendriya Vidyalaya No 2, Golconda_school","Kendriya Vidyalaya No 2, Golconda",school,17.4012737,78.4275969
osm_Bharati Vidya Bhavan High School_school,Bharati Vidya Bhavan High School,school,17.3898991,78.5097805
osm_Moulana Azad Memorial High School_school,Moulana Azad Memorial High School,school,17.4028481,78.4693012
osm_Indus Junior School Gachibowli_school,Indus Junior School Gachibowli,school,17.469582,78.3095514
osm_Sri Chaitanya school_school,Sri Chaitanya school,school,17.4691367,78.3091048
osm_Chanakya high school_school,Chanakya high school,school,17.494379,78.4597765
osm_Netaji High School_school,Netaji High School,school,17.4927243,78.4597249
osm_Vidya Dayini Pre-Primary School_school,Vidya Dayini Pre-Primary School,school,17.348503,78.5097698
osm_St. Ann's School_school,St. Ann's School,school,17.4420497,78.5030995
osm_Zilla Parishad High School_school,Zilla Parishad High School,school,17.4969681,78.3576715
osm_Kennedy High - The Magnet School_school,Kennedy High - The Magnet School,school,17.4860899,78.4218974
osm_Kennedy Sparks - The Play School_school,Kennedy Sparks - The Play School,school,17.486072,78.4221791
osm_سکسیس اسکول_school,سکسیس اسکول,school,17.357872,78.5054576
osm_Tajweed Ul Quran_school,Tajweed Ul Quran,school,17.3832875,78.5189191
osm_St. Gabriels High School_school,St. Gabriels High School,school,17.4127316,78.5603678
osm_Petros high school_school,Petros high school,school,17.371567,78.5037063
osm_newgen_school,newgen,school,17.381063,78.4393913
osm_Tagores Home High School_school,Tagores Home High School,school,17.4390615,78.497944
osm_Chinmaya Vidyalaya High School_school,Chinmaya Vidyalaya High School,school,17.4352252,78.4597969
osm_RSK High School_school,RSK High School,school,17.4923402,78.4615753
osm_St Anns High School_school,St Anns High School,school,17.4967073,78.3453066
osm_Little flower grammar high school_school,Little flower grammar high school,school,17.5043769,78.3954655
osm_Medha concept school_school,Medha concept school,school,17.5379838,78.4385741
osm_Kriti concept school_school,Kriti concept school,school,17.536236,78.4386962
osm_Vidhya Vani High School_school,Vidhya Vani High School,school,17.4912635,78.3339391
osm_Niraj Kindergarten and Primary school_school,Niraj Kindergarten and Primary school,school,17.4362602,78.4602771
osm_NSV High School_school,NSV High School,school,17.4915601,78.334498
osm_Rainbow Model School_school,Rainbow Model School,school,17.4890009,78.4557313
osm_Little Scholars School_school,Little Scholars School,school,17.4897485,78.4575508
osm_Sai Ganesh High school_school,Sai Ganesh High school,school,17.4435951,78.5644031
osm_Sri Nikathan high school_school,Sri Nikathan high school,school,17.4432797,78.5654201
osm_kasturibhai girls high school_school,kasturibhai girls high school,school,17.357889,78.4615836
osm_St.Domnics High School_school,St.Domnics High School,school,17.3723374,78.5144147
osm_Queens International School_school,Queens International School,school,17.4322005,78.4358526
osm_Bright High School_school,Bright High School,school,17.4335295,78.4367135
osm_Goutham Model School_school,Goutham Model School,school,17.4335454,78.4455624
osm_Seven Hills Primary School_school,Seven Hills Primary School,school,17.4552127,78.4241456
osm_Netaji High School_school,Netaji High School,school,17.4461906,78.4310812
osm_St Alphonsas High School_school,St Alphonsas High School,school,17.4467489,78.4304897
osm_Twin Cities High School_school,Twin Cities High School,school,17.3892953,78.5105136
osm_Narayana school_school,Narayana school,school,17.4871306,78.3154653
osm_sainath grammar school_school,sainath grammar school,school,17.4881418,78.3165807
osm_Sree Balaji High School_school,Sree Balaji High School,school,17.4161166,78.5176108
osm_Kakatiya School_school,Kakatiya School,school,17.4221696,78.5172525
osm_bhashyam high school_school,bhashyam high school,school,17.3485722,78.5088044
osm_goldcrest school_school,goldcrest school,school,17.4398892,78.3326889
osm_ZPHS School_school,ZPHS School,school,17.4862742,78.3176848
osm_sri nagarjuna vidhyalaya high school_school,sri nagarjuna vidhyalaya high school,school,17.4999079,78.4198627
osm_Akshara high school_school,Akshara high school,school,17.4993906,78.4194064
osm_Arya Samaj School_school,Arya Samaj School,school,17.3773268,78.4863801
osm_CMR Model High School_school,CMR Model High School,school,17.5202442,78.4321214
osm_Noori high school_school,Noori high school,school,17.5179644,78.4351629
osm_Sadhana High School_school,Sadhana High School,school,17.5196726,78.4355488
osm_Zaamin High school_school,Zaamin High school,school,17.5147227,78.4350569
osm_Brilliant Grammar High School_school,Brilliant Grammar High School,school,17.3988385,78.4480873
osm_Sri Gayatri School_school,Sri Gayatri School,school,17.3781457,78.4369801
osm_Vivekananda School_school,Vivekananda School,school,17.3802769,78.4394986
"osm_Sri Chaitanya School, Hyderguda_school","Sri Chaitanya School, Hyderguda",school,17.3697332,78.4231754
osm_Bharathi Vidya Nikethan School_school,Bharathi Vidya Nikethan School,school,17.3739106,78.4518668
osm_Vikas High School_school,Vikas High School,school,17.3302879,78.4868622
osm_Sri Narayana School_school,Sri Narayana School,school,17.3063269,78.4396489
osm_newton mission high school_school,newton mission high school,school,17.3626729,78.4439258
osm_School Ground_school,School Ground,school,17.3597495,78.4415722
osm_Vidya Bharthi High School_school,Vidya Bharthi High School,school,17.3616764,78.4419501
osm_New Eden school_school,New Eden school,school,17.3779976,78.4480818
osm_Jasmin Techno School_school,Jasmin Techno School,school,17.3748745,78.4489018
osm_ZPHS(Zilla parishath highh school)_school,ZPHS(Zilla parishath highh school),school,17.5154432,78.443438
osm_Governament School_school,Governament School,school,17.3780049,78.438844
osm_Newgen High School_school,Newgen High School,school,17.3803567,78.4397296
osm_Government school ground_school,Government school ground,school,17.4426793,78.5725688
osm_kakathiya techno School_school,kakathiya techno School,school,17.3500344,78.5598827
osm_Little Birds School_school,Little Birds School,school,17.4569367,78.4090537
osm_Kenworld High School_school,Kenworld High School,school,17.455937,78.4102699
osm_Tirumala High School_school,Tirumala High School,school,17.454948,78.4087256
osm_Zilla Parishat High School_school,Zilla Parishat High School,school,17.3927523,78.5366562
osm_Bala Bharathi High School_school,Bala Bharathi High School,school,17.3944089,78.5337806
osm_St. Mary’s High School_school,St. Mary’s High School,school,17.49464,78.3850736
osm_Sri Chaitanya School_school,Sri Chaitanya School,school,17.3403461,78.4696002
osm_Thakshashila HIgh School_school,Thakshashila HIgh School,school,17.3400659,78.4731667
osm_Govt Girls High School  And College_school,Govt Girls High School  And College,school,17.3371624,78.4737816
osm_Saraswati vidhya mandir_school,Saraswati vidhya mandir,school,17.3399877,78.4735935
osm_vidyanjali grammar schools_school,vidyanjali grammar schools,school,17.3585027,78.5438557
"osm_Government High School, Vijayanagar Colony_school","Government High School, Vijayanagar Colony",school,17.3934767,78.455121
osm_Vivek Vardhini Kanyashala School_school,Vivek Vardhini Kanyashala School,school,17.3799762,78.483112
osm_Sri Nagarjuna Vidyalaya_school,Sri Nagarjuna Vidyalaya,school,17.5112388,78.4062417
osm_Johnson Grammar School ICSE/ICE_school,Johnson Grammar School ICSE/ICE,school,17.4374845,78.5537555
"osm_Tatva Global School, Gajularamaram_school","Tatva Global School, Gajularamaram",school,17.5309797,78.4236014
osm_New Era The Lead School_school,New Era The Lead School,school,17.5291439,78.4246653
osm_genesis school_school,genesis school,school,17.4941991,78.3365878
osm_Tatva Global School_school,Tatva Global School,school,17.5309792,78.4235992
osm_ADOBE School_school,ADOBE School,school,17.4525847,78.2854753
osm_st mouses high school ground_school,st mouses high school ground,school,17.5061113,78.4648854
osm_TVR model School ground_school,TVR model School ground,school,17.4951547,78.4512394
osm_Pallavi Model School Hayathnagar CBSE school_school,Pallavi Model School Hayathnagar CBSE school,school,17.3294023,78.598064
osm_St. Martin's High School_school,St. Martin's High School,school,17.4472537,78.5299577
osm_Kairali Vidhya Bhavan_school,Kairali Vidhya Bhavan,school,17.473323,78.5416693
osm_Law College_college,Law College,college,17.4158429,78.5256436
osm_Royal Jr. College_college,Royal Jr. College,college,17.442328,78.4421888
osm_Computer Science Department_college,Computer Science Department,college,17.4072027,78.5194123
osm_Chanchalguda Junior College_college,Chanchalguda Junior College,college,17.3657622,78.4970385
osm_Hindi Maha Vidyalaya_college,Hindi Maha Vidyalaya,college,17.4014928,78.5092128
osm_Board of Intermediate_college,Board of Intermediate,college,17.3899398,78.4688074
osm_Narayana Junior College_college,Narayana Junior College,college,17.3369927,78.5696216
osm_سٹی کالج_college,سٹی کالج,college,17.3688394,78.4691899
osm_AVM High School_college,AVM High School,college,17.317939,78.4032855
osm_administrative staff college of india_college,administrative staff college of india,college,17.4144476,78.459518
osm_smart media desktop_college,smart media desktop,college,17.4150896,78.4949932
"osm_Center of Excellence of ICAI,ICAI Bhawan_college","Center of Excellence of ICAI,ICAI Bhawan",college,17.4244165,78.3346253
osm_sri chaitanya JUNIOR COLLEGE_college,sri chaitanya JUNIOR COLLEGE,college,17.3987837,78.5055447
osm_ST.PATRICKS JUNIOR COLLEGE_college,ST.PATRICKS JUNIOR COLLEGE,college,17.3983896,78.5051128
osm_narayana junior college_college,narayana junior college,college,17.4013593,78.4881019
osm_fitjee school_college,fitjee school,college,17.4013527,78.4883308
osm_narayana boys campus_college,narayana boys campus,college,17.3976228,78.4927257
osm_Science Complex_college,Science Complex,college,17.4562107,78.3298404
osm_masab tank_college,masab tank,college,17.4044134,78.4558744
osm_كليه كاظم_college,كليه كاظم,college,17.3988996,78.4753403
osm_Indian Culinary Academy_college,Indian Culinary Academy,college,17.4367096,78.4583705
osm_Indian Culinary Academy_college,Indian Culinary Academy,college,17.4367875,78.4583664
osm_St. Mary's College_college,St. Mary's College,college,17.4372208,78.426692
osm_Veda degree college_college,Veda degree college,college,17.3483967,78.5141671
osm_Govt degree college_college,Govt degree college,college,17.4098,78.4586622
osm_st marys college of education_college,st marys college of education,college,17.4388588,78.5027097
osm_St Ann's college_college,St Ann's college,college,17.3932152,78.437274
osm_Osmania university college of science_college,Osmania university college of science,college,17.4056373,78.4536111
osm_National Institute of Urban Management_college,National Institute of Urban Management,college,17.4368007,78.3609606
osm_Badruka college_college,Badruka college,college,17.3894032,78.4952101
osm_Indian Institute of Management & Commerce_college,Indian Institute of Management & Commerce,college,17.4063386,78.4649785
osm_BR Ambedkar Open University_college,BR Ambedkar Open University,college,17.397702,78.4747371
osm_ICAT design and media college_college,ICAT design and media college,college,17.3686753,78.5388751
osm_Narayana junior collage_college,Narayana junior collage,college,17.3466078,78.5076038
osm_Excel Junior College_college,Excel Junior College,college,17.3707443,78.527576
osm_NRI Junior College_college,NRI Junior College,college,17.3702738,78.5219975
osm_Narayana Junior College ( Jaya Complex)_college,Narayana Junior College ( Jaya Complex),college,17.4828168,78.4132134
osm_Gandhi Medical College_college,Gandhi Medical College,college,17.424671,78.5044035
osm_University of Hyderabad_college,University of Hyderabad,college,17.4576264,78.3308817
osm_University of Hyderabad_college,University of Hyderabad,college,17.4588696,78.3314025
osm_Vasavi College of Engineering_college,Vasavi College of Engineering,college,17.3807982,78.3820908
osm_madina engineering acadamy_college,madina engineering acadamy,college,17.3781208,78.5004027
osm_Vaishnavi College For Distance Education_college,Vaishnavi College For Distance Education,college,17.4908744,78.3966418
osm_Vignan Junior and Degree College_college,Vignan Junior and Degree College,college,17.418935,78.542138
osm_Anwarul Uloom College of Pharmacy_college,Anwarul Uloom College of Pharmacy,college,17.3905535,78.4566657
osm_Deccan college of engineering and technology_college,Deccan college of engineering and technology,college,17.3844415,78.4659197
osm_G P R College of Pharmacy_college,G P R College of Pharmacy,college,17.3925387,78.436453
osm_ISL Engineering College_college,ISL Engineering College,college,17.3053491,78.4569384
osm_Mahaveer Institute of Science and Technology_college,Mahaveer Institute of Science and Technology,college,17.3078247,78.4558269
osm_Nawab Shah Alam Khan College of Engineering and Technology_college,Nawab Shah Alam Khan College of Engineering and Technology,college,17.371431,78.4934489
osm_Resonance_college,Resonance,college,17.4501153,78.388921
osm_Vasundara degree college_college,Vasundara degree college,college,17.4556658,78.5659568
osm_VelocIITy junior kalam campus_college,VelocIITy junior kalam campus,college,17.4465983,78.3917396
osm_Orbit Educational Institutions_college,Orbit Educational Institutions,college,17.4500041,78.3859779
osm_Narayana IIT academy_college,Narayana IIT academy,college,17.4369722,78.3931292
osm_Gayatri College_college,Gayatri College,college,17.4407911,78.3910254
osm_Sri Chaitanya College_college,Sri Chaitanya College,college,17.4509725,78.391453
osm_saanvi Degree college_college,saanvi Degree college,college,17.353843,78.5073565
osm_srichaitanya junior college_college,srichaitanya junior college,college,17.3531934,78.507482
osm_Ms junior college_college,Ms junior college,college,17.3930923,78.4386714
osm_Sri Chaitanya Junior College_college,Sri Chaitanya Junior College,college,17.4922912,78.4061527
osm_St.patricks_college,St.patricks,college,17.3974824,78.5042875
osm_coaching center_college,coaching center,college,17.3967636,78.5026424
osm_Ace Academy_college,Ace Academy,college,17.3669809,78.5208816
osm_pragati junior college_college,pragati junior college,college,17.3667413,78.521289
osm_Annie besant degree college_college,Annie besant degree college,college,17.3675489,78.5213908
osm_pragati degree college_college,pragati degree college,college,17.3678622,78.5225099
osm_siddharth degree college_college,siddharth degree college,college,17.3682946,78.5218073
osm_Aryabatta Junior College_college,Aryabatta Junior College,college,17.5283611,78.2651448
osm_Govt. Degree College_college,Govt. Degree College,college,17.5314417,78.264516
osm_CA_college,CA,college,17.4010254,78.508014
osm_siddhartha college_college,siddhartha college,college,17.3680709,78.5215035
osm_Roots academy_college,Roots academy,college,17.4949198,78.3951086
osm_Sri Vedha Junior College_college,Sri Vedha Junior College,college,17.5280513,78.2662463
osm_St Ann's college ground_college,St Ann's college ground,college,17.3933378,78.4374315
osm_Sri aurobindo junior college_college,Sri aurobindo junior college,college,17.3944467,78.4419723
osm_Sindhu degree college for women_college,Sindhu degree college for women,college,17.3948885,78.432561
osm_Government Junior College_college,Government Junior College,college,17.3221284,78.4009874
osm_Spring Field High School_college,Spring Field High School,college,17.3214539,78.4019895
osm_PVN Telangana State Veterinary University_college,PVN Telangana State Veterinary University,college,17.3204193,78.4017426
osm_Adarsh Vidyalaya High School_college,Adarsh Vidyalaya High School,college,17.3185143,78.4038345
osm_Horticulture Head Office_college,Horticulture Head Office,college,17.3101478,78.4204548
osm_School of Agricultural Business Management_college,School of Agricultural Business Management,college,17.3095888,78.421723
osm_School of Agribusiness Management College_college,School of Agribusiness Management College,college,17.3086381,78.4210021
"osm_Horticulture Garden, College of..._college","Horticulture Garden, College of...",college,17.3207945,78.4170162
osm_AINP on Vertebrate Pest Management PJTS Agricultural University_college,AINP on Vertebrate Pest Management PJTS Agricultural University,college,17.3270149,78.4104749
osm_NATIONAL HIGH SCHOOL_college,NATIONAL HIGH SCHOOL,college,17.4404381,78.4548172
osm_National School_college,National School,college,17.439868,78.4567037
osm_Chinmaya Vidyalaya_college,Chinmaya Vidyalaya,college,17.4353968,78.4583742
osm_Tulasi High School_college,Tulasi High School,college,17.4020515,78.4446463
osm_G.Narayanamma High School_college,G.Narayanamma High School,college,17.391815,78.4427097
osm_Happy Scholars School_college,Happy Scholars School,college,17.3927161,78.4443244
osm_Shums The School_college,Shums The School,college,17.3924836,78.4442748
osm_Happay Scholars School_college,Happay Scholars School,college,17.3914861,78.4452494
osm_HPS Kids Mehdipatnam_college,HPS Kids Mehdipatnam,college,17.3919954,78.444446
"osm_Vikas Vidyalaya High School , Asifnagar_college","Vikas Vidyalaya High School , Asifnagar",college,17.3916425,78.4440107
osm_Peace Angels High School_college,Peace Angels High School,college,17.3906223,78.4426149
osm_Sunrise High School_college,Sunrise High School,college,17.3896623,78.4430524
osm_SunRise High School_college,SunRise High School,college,17.3893911,78.4428517
osm_Astrokids Techno School_college,Astrokids Techno School,college,17.3889843,78.442378
osm_Sradha Play School_college,Sradha Play School,college,17.3885388,78.442775
osm_Hidayah Islamic International School - Mehdipatnam_college,Hidayah Islamic International School - Mehdipatnam,college,17.386989,78.442272
osm_The Divine Touch Pre School_college,The Divine Touch Pre School,college,17.3839597,78.439861
osm_St. Mary's High School_college,St. Mary's High School,college,17.3840114,78.4389701
osm_MNR School of Excellence_college,MNR School of Excellence,college,17.3833614,78.4378852
osm_Krishnaveni Talent School_college,Krishnaveni Talent School,college,17.3825929,78.4385934
osm_Vivekananda High School_college,Vivekananda High School,college,17.3846701,78.4382979
osm_DPS Future Windows School_college,DPS Future Windows School,college,17.3902275,78.4359297
osm_Isra School For Early Learners_college,Isra School For Early Learners,college,17.3924427,78.4332714
osm_Kidzee_college,Kidzee,college,17.3917777,78.4335037
osm_Sun Beam Kids_college,Sun Beam Kids,college,17.3906951,78.4281251
osm_Gautam Vidhyalaya_college,Gautam Vidhyalaya,college,17.3931587,78.4307287
osm_VIP International School_college,VIP International School,college,17.3848705,78.4299424
osm_Iqra International School_college,Iqra International School,college,17.3770594,78.4312693
osm_heera international school_college,heera international school,college,17.3678618,78.4311608
osm_New Brilliant High School_college,New Brilliant High School,college,17.366665,78.4296755
osm_BHARATHI HIGH SCHOOL_college,BHARATHI HIGH SCHOOL,college,17.3782153,78.4356797
osm_Sri Sai Surya High School_college,Sri Sai Surya High School,college,17.3707564,78.44202
osm_Indian High School_college,Indian High School,college,17.3688217,78.4466279
osm_Dew Drops High School_college,Dew Drops High School,college,17.3726843,78.4504049
osm_Mesco Grades High School_college,Mesco Grades High School,college,17.3723566,78.4512605
osm_Jyothi Memorial Good Shepherd High School_college,Jyothi Memorial Good Shepherd High School,college,17.3815923,78.4673148
osm_New Paramount High School_college,New Paramount High School,college,17.3789287,78.4641779
osm_LMG High School_college,LMG High School,college,17.3762245,78.4672731
osm_Decent High School_college,Decent High School,college,17.4169035,78.4985094
osm_Govt Girls High School_college,Govt Girls High School,college,17.4189264,78.5003002
osm_Modern High School_college,Modern High School,college,17.4144712,78.499219
osm_Musheerabad Public High School_college,Musheerabad Public High School,college,17.4182177,78.5018142
osm_Radiant High School_college,Radiant High School,college,17.419326,78.5042977
osm_kakatiya high school_college,kakatiya high school,college,17.4193915,78.5058749
osm_KRISHNAVENI TALENT SCHOOL_college,KRISHNAVENI TALENT SCHOOL,college,17.418597,78.5058844
osm_Blue Birds High School_college,Blue Birds High School,college,17.4177504,78.5060257
osm_MARTINET HIGH SCHOOL_college,MARTINET HIGH SCHOOL,college,17.415587,78.5037177
osm_Modern High School_college,Modern High School,college,17.415482,78.5020467
osm_Martinet High School_college,Martinet High School,college,17.4148758,78.5015916
osm_Red Convent High School_college,Red Convent High School,college,17.4131064,78.5015336
osm_Ram Nagar High School_college,Ram Nagar High School,college,17.4094797,78.5060608
osm_Holy Trinity High School_college,Holy Trinity High School,college,17.4104117,78.5065615
osm_Luna high School_college,Luna high School,college,17.4113057,78.5068802
osm_Vijay Bharathi Model High School_college,Vijay Bharathi Model High School,college,17.4112786,78.5064382
osm_KAKATIYA TECHNO SCHOOL_college,KAKATIYA TECHNO SCHOOL,college,17.4130521,78.5056436
osm_Mother Teresa's High School_college,Mother Teresa's High School,college,17.4128856,78.5064648
osm_St Pious X School_college,St Pious X School,college,17.4136041,78.5069181
osm_New Martinet High School_college,New Martinet High School,college,17.4152247,78.5078885
osm_Lotus Model School_college,Lotus Model School,college,17.4088025,78.5031921
osm_Model High School_college,Model High School,college,17.4253343,78.5238506
"osm_Don Bosco School, Ravindra Nagar, Sitaphalmandi_college","Don Bosco School, Ravindra Nagar, Sitaphalmandi",college,17.4251271,78.5220874
osm_AMARAVATHI SCHOOL_college,AMARAVATHI SCHOOL,college,17.4245923,78.5206308
osm_The Future School (Ekalavya School)_college,The Future School (Ekalavya School),college,17.4213524,78.5211463
osm_Sarathi School_college,Sarathi School,college,17.4195609,78.5402016
osm_Tejasvi Vidyaranya_college,Tejasvi Vidyaranya,college,17.4180277,78.539814
osm_JSPS Government Homeopathic Medical College_college,JSPS Government Homeopathic Medical College,college,17.3979714,78.5311836
osm_Pragati Vidya Niketan High School_college,Pragati Vidya Niketan High School,college,17.3945106,78.527628
osm_Sana High School_college,Sana High School,college,17.3945164,78.5288257
osm_Springboard International Pre School - Ramanthapur_college,Springboard International Pre School - Ramanthapur,college,17.3950545,78.5308929
osm_Vaishnavi Olympiad School_college,Vaishnavi Olympiad School,college,17.3953573,78.5305516
osm_Cardinal Gracious High School_college,Cardinal Gracious High School,college,17.3904006,78.5342435
osm_Krishnaveni Talent School_college,Krishnaveni Talent School,college,17.3874395,78.5332759
osm_Sai Vikas Model School_college,Sai Vikas Model School,college,17.3861566,78.5322703
osm_SUDHIKSHA PLAY SCHOOL_college,SUDHIKSHA PLAY SCHOOL,college,17.386448,78.5323491
osm_TS Grammar High School_college,TS Grammar High School,college,17.3875962,78.5309909
osm_Sathya sai high school_college,Sathya sai high school,college,17.3826528,78.5299096
osm_Sri Saraswathi School_college,Sri Saraswathi School,college,17.3813762,78.5170522
osm_gps school_college,gps school,college,17.3810378,78.5174638
osm_Gandhi High School_college,Gandhi High School,college,17.3841524,78.5275797
osm_Moon Right School_college,Moon Right School,college,17.3848505,78.5262214
osm_Old Gandhi High School_college,Old Gandhi High School,college,17.3849235,78.5255675
osm_New Patel Nagar AWC_college,New Patel Nagar AWC,college,17.3858946,78.5263139
osm_Divya Jyothi High School_college,Divya Jyothi High School,college,17.3860498,78.5277397
osm_Shantiniketan High School_college,Shantiniketan High School,college,17.3852432,78.5273984
osm_Bharati Vidhya Bhavan School_college,Bharati Vidhya Bhavan School,college,17.3858925,78.513538
osm_Sri Nalanda Talent High School_college,Sri Nalanda Talent High School,college,17.3894691,78.5074201
osm_Moral Educational And Welfare Society_college,Moral Educational And Welfare Society,college,17.3900796,78.5127656
osm_Knowledge High School_college,Knowledge High School,college,17.3886002,78.5143557
osm_Kishore Kunj High School_college,Kishore Kunj High School,college,17.3892025,78.514707
osm_Vivekananda School_college,Vivekananda School,college,17.3871818,78.5151895
osm_Unison International School_college,Unison International School,college,17.3835379,78.5179344
osm_Bhashyam Model High School_college,Bhashyam Model High School,college,17.3833066,78.5198893
osm_Suryodaya High School_college,Suryodaya High School,college,17.3837426,78.5202366
osm_Saraswathi Vidyaniketan High School_college,Saraswathi Vidyaniketan High School,college,17.3860223,78.5253082
"osm_Holy Mary Educational Society( Abacus, Vedic Maths, Calligraphy, Tutorials)_college","Holy Mary Educational Society( Abacus, Vedic Maths, Calligraphy, Tutorials)",college,17.3859916,78.5270101
osm_Sree Sai Baba Vidya Educational Society_college,Sree Sai Baba Vidya Educational Society,college,17.3868171,78.5291129
osm_Vignan Jyothi High School_college,Vignan Jyothi High School,college,17.3852326,78.5288541
osm_SAI RAM CONVENT HIGH SCHOOL_college,SAI RAM CONVENT HIGH SCHOOL,college,17.388468,78.5287184
osm_Rishi Talent School_college,Rishi Talent School,college,17.3879171,78.5275683
osm_Ananda Jyothi High School_college,Ananda Jyothi High School,college,17.3895601,78.5311984
osm_Little Flower's Play School_college,Little Flower's Play School,college,17.3904591,78.5154756
osm_Little Flower's High School_college,Little Flower's High School,college,17.390211,78.5160003
osm_Al Ameen Techno School_college,Al Ameen Techno School,college,17.389789,78.5176432
osm_St Paul's Model High School_college,St Paul's Model High School,college,17.3905434,78.5077177
osm_Sri Vidya Secondary School_college,Sri Vidya Secondary School,college,17.3918817,78.5090651
osm_Rose Buds High School_college,Rose Buds High School,college,17.3956978,78.5236746
osm_Swami Dayananda High School_college,Swami Dayananda High School,college,17.3952838,78.5232504
osm_Owaisi School Of Excellence_college,Owaisi School Of Excellence,college,17.3930972,78.5202065
osm_Osmania Model High School_college,Osmania Model High School,college,17.3936329,78.5201344
osm_Mumtaz High School_college,Mumtaz High School,college,17.391379,78.5060429
osm_St.Hannah's High School_college,St.Hannah's High School,college,17.3933668,78.507368
osm_T.I.M.E. Kids Preschool- D D Colony_college,T.I.M.E. Kids Preschool- D D Colony,college,17.3975579,78.5205286
"osm_Academic Heights Public School, D.D. Colony_college","Academic Heights Public School, D.D. Colony",college,17.3977645,78.5193422
"osm_EuroKids Preschool at Baghamberpet, Best Kindergarten in Hyderabad_college","EuroKids Preschool at Baghamberpet, Best Kindergarten in Hyderabad",college,17.4031565,78.5203681
osm_Kaushalya global the complete school DD Colony_college,Kaushalya global the complete school DD Colony,college,17.4027701,78.5202541
osm_Smartkidz Preschool_college,Smartkidz Preschool,college,17.4019562,78.5194856
osm_Bachpan Play School D D Colony_college,Bachpan Play School D D Colony,college,17.401498,78.5188486
osm_Narayana e-techno school_college,Narayana e-techno school,college,17.4013675,78.5181848
osm_Primavera Preschool_college,Primavera Preschool,college,17.4047002,78.5169313
osm_Geetanjali High School_college,Geetanjali High School,college,17.4052787,78.5161561
osm_Government High School Jamia Osmania_college,Government High School Jamia Osmania,college,17.4055679,78.5170252
osm_Andhra Mahila Sabha School Of Informatics_college,Andhra Mahila Sabha School Of Informatics,college,17.4061463,78.5153434
osm_Sri Aurobindo International School_college,Sri Aurobindo International School,college,17.4055852,78.5148806
osm_The Mother's Integral School_college,The Mother's Integral School,college,17.4055388,78.5150104
osm_Elen kindergarten School_college,Elen kindergarten School,college,17.3983884,78.5143918
osm_IQRA High School_college,IQRA High School,college,17.4186162,78.463343
osm_Rose School_college,Rose School,college,17.4186487,78.462253
osm_Nightingale School_college,Nightingale School,college,17.4172172,78.4628477
osm_Saviour High School_college,Saviour High School,college,17.4167139,78.463187
osm_Master Talent School_college,Master Talent School,college,17.4134137,78.4616519
osm_Saraswathi Vidya Mandir High School_college,Saraswathi Vidya Mandir High School,college,17.4136113,78.4641457
osm_Rockdale Nursery Pre School_college,Rockdale Nursery Pre School,college,17.4162302,78.455753
osm_A.P.M. School_college,A.P.M. School,college,17.4136159,78.4532113
osm_Saraswathi shisu mandir_college,Saraswathi shisu mandir,college,17.4130869,78.4530706
osm_SARASWATI VIDYA MANDIR SCHOOL_college,SARASWATI VIDYA MANDIR SCHOOL,college,17.4127151,78.4528972
osm_Sri Saraswathi Vidya Mandir Ps_college,Sri Saraswathi Vidya Mandir Ps,college,17.4126316,78.4522655
osm_Abhyasa School Khairatabad_college,Abhyasa School Khairatabad,college,17.4116427,78.4543627
osm_Jupiter Play School_college,Jupiter Play School,college,17.4112915,78.4543497
osm_Dayanand High School_college,Dayanand High School,college,17.411246,78.4555535
osm_Prakash Vidya Niketan High School_college,Prakash Vidya Niketan High School,college,17.4111386,78.4565351
osm_prakasam school_college,prakasam school,college,17.4109747,78.4566116
osm_Sri Ram Sai School_college,Sri Ram Sai School,college,17.4106395,78.4541655
osm_Hotline High School_college,Hotline High School,college,17.4114795,78.4615657
osm_Nishulk Prabhat High School_college,Nishulk Prabhat High School,college,17.4102426,78.4617494
osm_Shadan Junior College for Boys_college,Shadan Junior College for Boys,college,17.4091909,78.4613239
osm_Shadan Women's College of Engineering & Technology_college,Shadan Women's College of Engineering & Technology,college,17.4096032,78.4612074
osm_CHIREC International School Jubilee Hills Campus_college,CHIREC International School Jubilee Hills Campus,college,17.4284153,78.3988434
osm_NRI Academy Jubilee Hills_college,NRI Academy Jubilee Hills,college,17.4339646,78.3999765
osm_The Loharu Montessori Children's House_college,The Loharu Montessori Children's House,college,17.4328865,78.3994454
osm_Shriram Montessori Road No. 46 Branch_college,Shriram Montessori Road No. 46 Branch,college,17.4305637,78.3971694
"osm_Govt Primary School,Jubilee Hills-Masthan Nagar_college","Govt Primary School,Jubilee Hills-Masthan Nagar",college,17.4323904,78.3982658
osm_SHIVAJI VIDYA PEETH HIGH SCHOOL_college,SHIVAJI VIDYA PEETH HIGH SCHOOL,college,17.4223811,78.4037842
osm_Shriram Montessori House of Children_college,Shriram Montessori House of Children,college,17.41543,78.4048723
osm_Little Elly_college,Little Elly,college,17.4141797,78.4054691
osm_Pioneer World School_college,Pioneer World School,college,17.4423925,78.3971119
osm_St. Mary's Junior College_college,St. Mary's Junior College,college,17.4422085,78.3974119
osm_The Learningraph_college,The Learningraph,college,17.4433156,78.3969912
osm_VelocIITy School_college,VelocIITy School,college,17.4441106,78.3977727
osm_Iris Florets Madhapur_college,Iris Florets Madhapur,college,17.4443981,78.4006274
osm_Sloka Kindergarten School_college,Sloka Kindergarten School,college,17.4361015,78.4136397
osm_Indian Public School_college,Indian Public School,college,17.4354043,78.4151125
"osm_Happy Kids School and International Montessori Teachers Training , PPTC, NTTC COURCES_college","Happy Kids School and International Montessori Teachers Training , PPTC, NTTC COURCES",college,17.4340723,78.418004
osm_Sri Sai Ram High School_college,Sri Sai Ram High School,college,17.4346594,78.4217025
osm_Kidzee Jubileehills Play School_college,Kidzee Jubileehills Play School,college,17.436004,78.4174383
osm_Goutham Vidya Niketan_college,Goutham Vidya Niketan,college,17.4359805,78.4177569
osm_Little Star high school_college,Little Star high school,college,17.4377049,78.4143329
osm_Ekalavya Foundation_college,Ekalavya Foundation,college,17.4470171,78.4097371
osm_Brilliant Talent High School_college,Brilliant Talent High School,college,17.4482016,78.4111128
osm_Sai Renu Unique High School_college,Sai Renu Unique High School,college,17.4470664,78.4144352
osm_Joyce: The Play School_college,Joyce: The Play School,college,17.4365512,78.4269263
osm_SGB Model High School_college,SGB Model High School,college,17.4376017,78.4282397
osm_Unique Public School_college,Unique Public School,college,17.4324097,78.4252678
osm_Sai Krupa High School_college,Sai Krupa High School,college,17.4329953,78.4253617
osm_Sri Sairam High School_college,Sri Sairam High School,college,17.4344136,78.4249541
osm_Walter Memorial High School_college,Walter Memorial High School,college,17.4357487,78.4204287
osm_STAR GLOBAL SCHOOL_college,STAR GLOBAL SCHOOL,college,17.4345944,78.4190319
osm_Disha Schools_college,Disha Schools,college,17.4338968,78.4199433
osm_Sri Sai Kiran high School_college,Sri Sai Kiran high School,college,17.4333617,78.4230964
osm_Vidya Niketan High School_college,Vidya Niketan High School,college,17.433945,78.4276962
osm_Amaravathi High School_college,Amaravathi High School,college,17.4332692,78.4275719
osm_Sri Sairam High School_college,Sri Sairam High School,college,17.4330818,78.4271267
osm_Sri Sai Saraswathi Vidyanikethan_college,Sri Sai Saraswathi Vidyanikethan,college,17.4308888,78.4281653
osm_Unique Public School_college,Unique Public School,college,17.4319374,78.4286034
osm_Sri Sairam High School Main Branch_college,Sri Sairam High School Main Branch,college,17.4329259,78.4278769
osm_Sri Sai Public School_college,Sri Sai Public School,college,17.4330098,78.4283
osm_Santharam Public School_college,Santharam Public School,college,17.4305623,78.4291518
osm_HPS Kids Kamalapuri Colony_college,HPS Kids Kamalapuri Colony,college,17.4303869,78.430006
osm_Samskar Global High School_college,Samskar Global High School,college,17.4352522,78.4286618
osm_Aishwarya Educational Academy_college,Aishwarya Educational Academy,college,17.430131,78.4310177
osm_Brainobrain Hyderabad_college,Brainobrain Hyderabad,college,17.4306464,78.433941
osm_Radiant High School_college,Radiant High School,college,17.4348241,78.439629
osm_Sri Chaitanya School_college,Sri Chaitanya School,college,17.4372947,78.4412176
osm_Global kids international school_college,Global kids international school,college,17.4349108,78.4378621
osm_MGM INTERNATIONAL SCHOOL_college,MGM INTERNATIONAL SCHOOL,college,17.4345308,78.4328895
osm_Kidzee Pre-School_college,Kidzee Pre-School,college,17.4822094,78.2959999
osm_Raos High School_college,Raos High School,college,17.4785088,78.2975931
osm_Kidzee BHEL LINGAMPALLY_college,Kidzee BHEL LINGAMPALLY,college,17.4842051,78.2995091
osm_Thayal Grammer High School_college,Thayal Grammer High School,college,17.4830041,78.3063348
osm_Raos High School_college,Raos High School,college,17.4843865,78.3094556
osm_sri Sai Chaitanya School_college,sri Sai Chaitanya School,college,17.4903138,78.3169068
osm_Vidyaniketan Model High School_college,Vidyaniketan Model High School,college,17.4891242,78.3190946
osm_sharada vidyaniketan_college,sharada vidyaniketan,college,17.483293,78.3300281
osm_Wings Play School_college,Wings Play School,college,17.4709316,78.3324156
osm_Sahithi Vidyaniketan High School_college,Sahithi Vidyaniketan High School,college,17.4824269,78.3183098
osm_Seeds School - Uranus campus_college,Seeds School - Uranus campus,college,17.4799375,78.3176485
osm_Epistemo Vikas Leadership School_college,Epistemo Vikas Leadership School,college,17.4685707,78.3038358
osm_Sadhana Infinity School_college,Sadhana Infinity School,college,17.4755464,78.3029526
osm_Edsmart Global - Nallagandla_college,Edsmart Global - Nallagandla,college,17.4783486,78.3039511
"osm_EuroKids Preschool at Nallagandla, Most Awarded Kindergarten in Hyderabad_college","EuroKids Preschool at Nallagandla, Most Awarded Kindergarten in Hyderabad",college,17.4781306,78.3040678
osm_Akshaya Foundation School_college,Akshaya Foundation School,college,17.478913,78.3102125
osm_Sri Gayatri Junior College_college,Sri Gayatri Junior College,college,17.4891554,78.449123
"osm_Goverment Polytechnic College, Masab Tank_college","Goverment Polytechnic College, Masab Tank",college,17.4034843,78.4539566
osm_Flytech Aviation Academy_college,Flytech Aviation Academy,college,17.30874,78.5669782
osm_New Government Jr College_college,New Government Jr College,college,17.44278,78.4978476
osm_Narayana Jr.college_college,Narayana Jr.college,college,17.4954276,78.3244754
osm_Bhojreddy Engineering College for women_college,Bhojreddy Engineering College for women,college,17.354052,78.5095242
osm_Arts_college,Arts,college,17.4182235,78.5206142
osm_St.pious pg college_college,St.pious pg college,college,17.4234284,78.5446698
osm_St.pious degree college_college,St.pious degree college,college,17.4240443,78.5443686
osm_Vivekananda Degree Collage_college,Vivekananda Degree Collage,college,17.4825333,78.4131063
osm_Prathiba Degree Collage for Women_college,Prathiba Degree Collage for Women,college,17.4828497,78.4128695
osm_Loyola Junior College_college,Loyola Junior College,college,17.5034419,78.4845482
osm_Sri Chaitanya Jr. College_college,Sri Chaitanya Jr. College,college,17.4426737,78.4437773
osm_Sri Chaitanya Jr. College_college,Sri Chaitanya Jr. College,college,17.4423913,78.4437506
osm_Sri Chaitanya Jr. College_college,Sri Chaitanya Jr. College,college,17.4427025,78.4436167
osm_Sri Gayatri Jr. College_college,Sri Gayatri Jr. College,college,17.4428315,78.44277
osm_Sri chaitanya junior college(surya towers)_college,Sri chaitanya junior college(surya towers),college,17.4945417,78.3208112
"osm_Dept electronics, OU_college","Dept electronics, OU",college,17.4078593,78.5178193
"osm_Department of electronics, OU_college","Department of electronics, OU",college,17.4078353,78.5178157
osm_sri chaithanya kalashalam_college,sri chaithanya kalashalam,college,17.3975114,78.5363275
osm_princetion pg &degree college_college,princetion pg &degree college,college,17.3971773,78.5364406
osm_Goverment Degree College_college,Goverment Degree College,college,17.4811403,78.4155109
osm_Vani Degree College_college,Vani Degree College,college,17.3934062,78.4421423
osm_P.V. Narsimha Rao Telangana Veterinary University Administrative Office_college,P.V. Narsimha Rao Telangana Veterinary University Administrative Office,college,17.3262463,78.4094032
osm_JAAGRUTHI DEGREE COLLEGE_college,JAAGRUTHI DEGREE COLLEGE,college,17.4490197,78.5355881
osm_veda degree college_college,veda degree college,college,17.3514466,78.5168434
osm_St anns_college,St anns,college,17.4444167,78.5694417
osm_Resonance Junior College_college,Resonance Junior College,college,17.4189412,78.5429018
osm_Naresh IT New Block_college,Naresh IT New Block,college,17.4375367,78.4490358
osm_Avinash College of Commerce_college,Avinash College of Commerce,college,17.4936,78.4047193
osm_Angel Pre and primary school_college,Angel Pre and primary school,college,17.3925703,78.5097781
osm_vinjee junior college_college,vinjee junior college,college,17.482439,78.4133842
osm_jntu college_college,jntu college,college,17.4954642,78.3925356
osm_CAT Degree College Hyderabad_college,CAT Degree College Hyderabad,college,17.3887167,78.4737271
osm_KLH University_college,KLH University,college,17.4612654,78.36924
osm_Osmania University Police Station_police,Osmania University Police Station,police,17.4215275,78.5259566
osm_Madhapur Police Station_police,Madhapur Police Station,police,17.4398726,78.3960744
osm_SR Nagar Police Station_police,SR Nagar Police Station,police,17.4414291,78.4478427
osm_Deputy Commissioner of Police Office (South Zone)_police,Deputy Commissioner of Police Office (South Zone),police,17.3671554,78.479458
osm_Nallakunta Police Station_police,Nallakunta Police Station,police,17.4076968,78.5133112
osm_Saifabad Police Station_police,Saifabad Police Station,police,17.4110866,78.4646076
osm_Ramgopalpet Police Station_police,Ramgopalpet Police Station,police,17.4361643,78.4884749
osm_Amberpet Police Station_police,Amberpet Police Station,police,17.389303,78.5182437
osm_Malkajgiri Police Station_police,Malkajgiri Police Station,police,17.4498705,78.5374144
osm_ABIDS Police Station_police,ABIDS Police Station,police,17.3946616,78.4852099
osm_Nampally Police Station_police,Nampally Police Station,police,17.4000892,78.460378
osm_Humayun Nagar Police Station_police,Humayun Nagar Police Station,police,17.39555,78.4422291
osm_Chaderghat Police Station_police,Chaderghat Police Station,police,17.3779381,78.4917299
osm_Uppal Police Station_police,Uppal Police Station,police,17.4022035,78.5602268
osm_LB Nagar Police Station_police,LB Nagar Police Station,police,17.3467781,78.5515732
osm_Saroornagar Police Station_police,Saroornagar Police Station,police,17.3683187,78.5276599
osm_vanasthalipuram police station_police,vanasthalipuram police station,police,17.3320109,78.5690104
osm_Madhapur Police Station_police,Madhapur Police Station,police,17.4393976,78.3958896
osm_Tukaram Gate Police Station_police,Tukaram Gate Police Station,police,17.4451064,78.5174812
osm_Mahankali Police Station_police,Mahankali Police Station,police,17.4360262,78.4909597
osm_abids police station_police,abids police station,police,17.3889804,78.4761391
osm_Narayanaguda police station_police,Narayanaguda police station,police,17.3978573,78.4898195
osm_Abids traffic police station_police,Abids traffic police station,police,17.3889758,78.4761757
osm_Ramgopalpet Police Station_police,Ramgopalpet Police Station,police,17.4405614,78.4791247
osm_Madannapet police station_police,Madannapet police station,police,17.3586406,78.5010532
osm_Women police station_police,Women police station,police,17.4382434,78.3630264
osm_Gachibowli traffic police station_police,Gachibowli traffic police station,police,17.4458549,78.3519936
osm_Asif Nagar Traffic Police Station_police,Asif Nagar Traffic Police Station,police,17.3989925,78.4581018
osm_Chilkalguda Police Station_police,Chilkalguda Police Station,police,17.4303106,78.513215
osm_Kachiguda Traffic Police Station_police,Kachiguda Traffic Police Station,police,17.382365,78.493562
osm_Jeedimetla Police Station_police,Jeedimetla Police Station,police,17.50919,78.448492
osm_DSP office_police,DSP office,police,17.5296566,78.2649702
osm_Police Station_police,Police Station,police,17.5297092,78.264711
osm_Malakpet Police Station_police,Malakpet Police Station,police,17.3704861,78.5120044
osm_سعیدآباد تھانہ_police,سعیدآباد تھانہ,police,17.3620704,78.5091658
osm_کامتی پورہ تھانہ_police,کامتی پورہ تھانہ,police,17.3559794,78.4601652
osm_ریان بازار تھانہ_police,ریان بازار تھانہ,police,17.3617475,78.4881919
osm_میر چوک تھانہ_police,میر چوک تھانہ,police,17.3636186,78.480489
osm_Mangalhat Police station_police,Mangalhat Police station,police,17.3784078,78.4607424
osm_Dcp Office East Zone Amberpet_police,Dcp Office East Zone Amberpet,police,17.3863315,78.5169585
osm_Police station_police,Police station,police,17.534999,78.4346788
osm_Miyapur Traffic Police Station_police,Miyapur Traffic Police Station,police,17.4964332,78.3615646
osm_Alwal Police Station_police,Alwal Police Station,police,17.5040404,78.511667
osm_Police Station_police,Police Station,police,17.4815966,78.4151719
osm_Kushaiguda Police station_police,Kushaiguda Police station,police,17.4727515,78.5708481
osm_Old Police Station_police,Old Police Station,police,17.4533331,78.4140305
osm_Madhapur traffic police booth Cyberabad_police,Madhapur traffic police booth Cyberabad,police,17.4513495,78.3808903
osm_Jagadgirigutta Police Station_police,Jagadgirigutta Police Station,police,17.506386,78.4227008
osm_traffic police station_police,traffic police station,police,17.4801354,78.4185614
osm_Apollo Pharmacy_pharmacy,Apollo Pharmacy,pharmacy,17.4411195,78.3922165
osm_Sai Krishna Medical Hall_pharmacy,Sai Krishna Medical Hall,pharmacy,17.4426699,78.4415494
osm_Sri Sathya Sai Medical & General Stores_pharmacy,Sri Sathya Sai Medical & General Stores,pharmacy,17.4423328,78.4421888
osm_Apollo Pharmacy_pharmacy,Apollo Pharmacy,pharmacy,17.4387093,78.4503714
osm_Healthcare medical hall_pharmacy,Healthcare medical hall,pharmacy,17.3674722,78.486492
osm_deluxe medical hall_pharmacy,deluxe medical hall,pharmacy,17.3675439,78.4875756
osm_Reliable medical hall_pharmacy,Reliable medical hall,pharmacy,17.3675031,78.4831017
osm_Koundinya Medical&General Stores_pharmacy,Koundinya Medical&General Stores,pharmacy,17.4074716,78.5123242
osm_Apollo Pharmacy_pharmacy,Apollo Pharmacy,pharmacy,17.4023937,78.5096265
osm_Apollo Pharmacy_pharmacy,Apollo Pharmacy,pharmacy,17.4092213,78.4890195
osm_MedPlus_pharmacy,MedPlus,pharmacy,17.4172588,78.4118211
osm_Vasu Medical Store_pharmacy,Vasu Medical Store,pharmacy,17.402194,78.4833865
osm_Medical Store_pharmacy,Medical Store,pharmacy,17.4026538,78.4845254
osm_Apollo_pharmacy,Apollo,pharmacy,17.4362518,78.5185589
osm_MedPlus_pharmacy,MedPlus,pharmacy,17.4633883,78.3670206
osm_Hetero_pharmacy,Hetero,pharmacy,17.4634471,78.3670261
osm_Vishu Medical Hall_pharmacy,Vishu Medical Hall,pharmacy,17.4508429,78.5319111
osm_Gokul Medical Hall_pharmacy,Gokul Medical Hall,pharmacy,17.4499816,78.5353596
osm_Mediplus_pharmacy,Mediplus,pharmacy,17.3741194,78.5585102
osm_Med Plus Medical Store_pharmacy,Med Plus Medical Store,pharmacy,17.4300426,78.4387975
osm_Hetero Pharmacy_pharmacy,Hetero Pharmacy,pharmacy,17.4874234,78.3953291
osm_Apollo Pharmacy_pharmacy,Apollo Pharmacy,pharmacy,17.4339166,78.3688683
osm_Apollo Pharmacy_pharmacy,Apollo Pharmacy,pharmacy,17.4335968,78.3691605
osm_MedPlus_pharmacy,MedPlus,pharmacy,17.4341649,78.3686269
osm_Apollo Pharmacy_pharmacy,Apollo Pharmacy,pharmacy,17.3738992,78.5616784
osm_Kodali Medicals_pharmacy,Kodali Medicals,pharmacy,17.4366712,78.444992
osm_Apollo Pharmacy_pharmacy,Apollo Pharmacy,pharmacy,17.4874835,78.3951937
osm_Hetero_pharmacy,Hetero,pharmacy,17.3989187,78.5128218
osm_Apollo Pharmacy_pharmacy,Apollo Pharmacy,pharmacy,17.3990979,78.5128753
osm_Bhavani Medical Hall_pharmacy,Bhavani Medical Hall,pharmacy,17.4020764,78.5133161
osm_Med Plus_pharmacy,Med Plus,pharmacy,17.3297961,78.5692786
osm_Goodlife Pharmacy_pharmacy,Goodlife Pharmacy,pharmacy,17.4055879,78.4648219
osm_apollo_pharmacy,apollo,pharmacy,17.4135504,78.4884852
osm_Hetero_pharmacy,Hetero,pharmacy,17.4064817,78.4848769
osm_Amrutham Ayurveda Nilayam_pharmacy,Amrutham Ayurveda Nilayam,pharmacy,17.4104596,78.485199
osm_Aparna Pharmacy_pharmacy,Aparna Pharmacy,pharmacy,17.4739768,78.3093251
osm_Shalini Pharmacy_pharmacy,Shalini Pharmacy,pharmacy,17.4404871,78.4819554
osm_Bhavani Medical Stores_pharmacy,Bhavani Medical Stores,pharmacy,17.4401111,78.4824751
osm_Apollo Pharmacy_pharmacy,Apollo Pharmacy,pharmacy,17.497025,78.3545957
osm_More;Apollo Pharmacy_pharmacy,More;Apollo Pharmacy,pharmacy,17.505232,78.3566273
osm_Sai Krishna Pharmacy_pharmacy,Sai Krishna Pharmacy,pharmacy,17.5061317,78.3551143
osm_Apollo Pharmacy_pharmacy,Apollo Pharmacy,pharmacy,17.4940531,78.403187
osm_Apollo Pharmacy_pharmacy,Apollo Pharmacy,pharmacy,17.4964617,78.4058535
osm_Pashupathi Medical store_pharmacy,Pashupathi Medical store,pharmacy,17.4070384,78.4826422
osm_Pharmacy _pharmacy,Pharmacy ,pharmacy,17.3723814,78.5459288
osm_Apollo Pharmacy_pharmacy,Apollo Pharmacy,pharmacy,17.4467786,78.4470605
osm_MedPlus_pharmacy,MedPlus,pharmacy,17.4222086,78.4308591
osm_Kamakshi Medicals_pharmacy,Kamakshi Medicals,pharmacy,17.4402864,78.4797682
osm_Apollo Pharmacy_pharmacy,Apollo Pharmacy,pharmacy,17.493487,78.332069
osm_MedPlus_pharmacy,MedPlus,pharmacy,17.4171713,78.412363
osm_Apollo Pharmacy_pharmacy,Apollo Pharmacy,pharmacy,17.4208629,78.4025642
osm_Apollo Pharmacy_pharmacy,Apollo Pharmacy,pharmacy,17.487601,78.3136585
osm_Apollo Pharmacy_pharmacy,Apollo Pharmacy,pharmacy,17.4787848,78.3200137
osm_Vaidehi Medical Hall_pharmacy,Vaidehi Medical Hall,pharmacy,17.4781178,78.3201835
osm_Apollo Pharmacy_pharmacy,Apollo Pharmacy,pharmacy,17.417626,78.411422
osm_My Health Pharmacy_pharmacy,My Health Pharmacy,pharmacy,17.4746991,78.3852477
osm_Good Health Medical & General Store_pharmacy,Good Health Medical & General Store,pharmacy,17.4895653,78.3280937
osm_Apollo Pharmacy_pharmacy,Apollo Pharmacy,pharmacy,17.4920821,78.327886
osm_Happy Pharmacy_pharmacy,Happy Pharmacy,pharmacy,17.4928168,78.3279081
osm_Kailash Medical & General Store_pharmacy,Kailash Medical & General Store,pharmacy,17.4931295,78.3276665
osm_Vanaja Pharmacy_pharmacy,Vanaja Pharmacy,pharmacy,17.4921633,78.3276438
osm_Apollo Pharmacy_pharmacy,Apollo Pharmacy,pharmacy,17.4890237,78.3236136
osm_My Health Pharmacy_pharmacy,My Health Pharmacy,pharmacy,17.4940886,78.3320075
osm_Padma Medical & General Stores_pharmacy,Padma Medical & General Stores,pharmacy,17.4798944,78.3201363
osm_R. R. Medical & General Stores_pharmacy,R. R. Medical & General Stores,pharmacy,17.4797494,78.3201186
osm_Sri Sai Pharmacy_pharmacy,Sri Sai Pharmacy,pharmacy,17.48051,78.3202511
osm_Nakshatra Medical & General Stores_pharmacy,Nakshatra Medical & General Stores,pharmacy,17.4832757,78.3206338
osm_Apollo Pharmacy_pharmacy,Apollo Pharmacy,pharmacy,17.4796545,78.3201033
osm_Apollo Pharmacy_pharmacy,Apollo Pharmacy,pharmacy,17.4145022,78.4089445
osm_Abhinav Medical & General Store_pharmacy,Abhinav Medical & General Store,pharmacy,17.4851526,78.3205102
osm_Health Care Medical & General Stores_pharmacy,Health Care Medical & General Stores,pharmacy,17.4836046,78.3156528
osm_Apollo Pharmacy_pharmacy,Apollo Pharmacy,pharmacy,17.4294933,78.325435
osm_Apollo Pharmacy_pharmacy,Apollo Pharmacy,pharmacy,17.4488131,78.3570817
osm_Srinivasa medical & general_pharmacy,Srinivasa medical & general,pharmacy,17.3954892,78.4539959
osm_MedPlus_pharmacy,MedPlus,pharmacy,17.437203,78.3660463
osm_Apollo Pharmacy_pharmacy,Apollo Pharmacy,pharmacy,17.4413816,78.3594294
osm_srinivas medicals_pharmacy,srinivas medicals,pharmacy,17.3301079,78.5779715
osm_Medical Store_pharmacy,Medical Store,pharmacy,17.4503199,78.3825693
osm_Esskay Medicals_pharmacy,Esskay Medicals,pharmacy,17.4439748,78.386955
osm_Apollo Pharmacy_pharmacy,Apollo Pharmacy,pharmacy,17.4436402,78.3870944
osm_JN Pharmacy_pharmacy,JN Pharmacy,pharmacy,17.4433495,78.3876668
osm_White House Pharmacy_pharmacy,White House Pharmacy,pharmacy,17.4026777,78.461108
osm_S K MEDICALS_pharmacy,S K MEDICALS,pharmacy,17.3964405,78.4655285
osm_Pradhan Manthri Bharatiya Jan Aushadhi Kendra_pharmacy,Pradhan Manthri Bharatiya Jan Aushadhi Kendra,pharmacy,17.3972626,78.462798
osm_Amruth_pharmacy,Amruth,pharmacy,17.4089819,78.46205
osm_Key Pharmacy_pharmacy,Key Pharmacy,pharmacy,17.4086575,78.4618126
osm_Medplus_pharmacy,Medplus,pharmacy,17.4849692,78.389642
osm_Apollo Pharmacy_pharmacy,Apollo Pharmacy,pharmacy,17.4863782,78.3883437
osm_Value Pharmacy_pharmacy,Value Pharmacy,pharmacy,17.4010781,78.4536957
osm_Apollo Pharmacy_pharmacy,Apollo Pharmacy,pharmacy,17.3743759,78.4184878
osm_Aditya Pharmacy_pharmacy,Aditya Pharmacy,pharmacy,17.4851323,78.3895457
osm_Sree Sanjeevani Pharmacy_pharmacy,Sree Sanjeevani Pharmacy,pharmacy,17.4938967,78.4023855
osm_Mediplus Pharmacy_pharmacy,Mediplus Pharmacy,pharmacy,17.4072325,78.5566455
osm_Nandini Pharmacy_pharmacy,Nandini Pharmacy,pharmacy,17.4062013,78.5556682
osm_Apollo Pharmacy_pharmacy,Apollo Pharmacy,pharmacy,17.4943885,78.3984611
osm_Sai medical shop_pharmacy,Sai medical shop,pharmacy,17.4102126,78.4923966
osm_Surya Medical & General Stores_pharmacy,Surya Medical & General Stores,pharmacy,17.4114001,78.4921539
osm_Apollo Pharmacy_pharmacy,Apollo Pharmacy,pharmacy,17.492211,78.3315513
osm_Rex Kare_pharmacy,Rex Kare,pharmacy,17.4177008,78.5660149
osm_MedPlus_pharmacy,MedPlus,pharmacy,17.420185,78.5646375
osm_Apollo Pharmacy - Namalagundy_pharmacy,Apollo Pharmacy - Namalagundy,pharmacy,17.4232199,78.5138005
osm_Med Plus_pharmacy,Med Plus,pharmacy,17.4244858,78.515862
osm_Apollo Pharmacy_pharmacy,Apollo Pharmacy,pharmacy,17.495606,78.452513
osm_Q City Medical_pharmacy,Q City Medical,pharmacy,17.427342,78.326194
osm_Apollo Pharmacy_pharmacy,Apollo Pharmacy,pharmacy,17.44175,78.439089
osm_Madhavi Medical & General Store_pharmacy,Madhavi Medical & General Store,pharmacy,17.5397983,78.4363377
osm_Srikara Medical Store_pharmacy,Srikara Medical Store,pharmacy,17.4919985,78.3481324
osm_Sapthagiri Medical & General Store_pharmacy,Sapthagiri Medical & General Store,pharmacy,17.3226562,78.430343
osm_Raghavendra Medical_pharmacy,Raghavendra Medical,pharmacy,17.4698059,78.4236913
osm_People's Pharmacy_pharmacy,People's Pharmacy,pharmacy,17.539086,78.43375
osm_Value Pharmacy_pharmacy,Value Pharmacy,pharmacy,17.493271,78.397885
osm_People's Pharmacy_pharmacy,People's Pharmacy,pharmacy,17.4409421,78.4391833
osm_Bhavani Medical Shop_pharmacy,Bhavani Medical Shop,pharmacy,17.4389799,78.4370787
osm_Chandik medical stores_pharmacy,Chandik medical stores,pharmacy,17.4406365,78.4380492
osm_Aditya Medical Hall_pharmacy,Aditya Medical Hall,pharmacy,17.46941,78.422626
osm_MedPlus_pharmacy,MedPlus,pharmacy,17.4821708,78.4786941
osm_Apollo Pharmacy_pharmacy,Apollo Pharmacy,pharmacy,17.4822713,78.4806445
osm_Apollo Pharmacy_pharmacy,Apollo Pharmacy,pharmacy,17.4971105,78.3401688
osm_Hetero pharmacy_pharmacy,Hetero pharmacy,pharmacy,17.4441819,78.386775
osm_Care Pharmacy_pharmacy,Care Pharmacy,pharmacy,17.4429843,78.387339
osm_Pharmacist_pharmacy,Pharmacist,pharmacy,17.4403669,78.3950098
osm_Siddha Nagarjuna Ayurveda pharmacy_pharmacy,Siddha Nagarjuna Ayurveda pharmacy,pharmacy,17.4478808,78.3905092
osm_MedPlus_pharmacy,MedPlus,pharmacy,17.4413009,78.3912398
osm_Sai Krishna Pharmacy_pharmacy,Sai Krishna Pharmacy,pharmacy,17.5063443,78.3549405
osm_Unkonwn Pharmacy_pharmacy,Unkonwn Pharmacy,pharmacy,17.5055332,78.3563189
osm_Manikanta medical hall_pharmacy,Manikanta medical hall,pharmacy,17.3624281,78.5092146
osm_Univesal_pharmacy,Univesal,pharmacy,17.3636564,78.5087698
osm_Care medical shop_pharmacy,Care medical shop,pharmacy,17.4402997,78.4471777
osm_Apollo Pharmacy_pharmacy,Apollo Pharmacy,pharmacy,17.4409549,78.3598439
osm_Apollo Pharmacy_pharmacy,Apollo Pharmacy,pharmacy,17.3294708,78.5797665
osm_MedPlus_pharmacy,MedPlus,pharmacy,17.3700682,78.5724849
osm_MedPlus_pharmacy,MedPlus,pharmacy,17.3287045,78.583928
osm_MedPlus_pharmacy,MedPlus,pharmacy,17.5309242,78.2651361
osm_MedPlus_pharmacy,MedPlus,pharmacy,17.3322945,78.5755094
osm_MedPlus_pharmacy,MedPlus,pharmacy,17.4941356,78.3588228
osm_Apollo Pharmacy_pharmacy,Apollo Pharmacy,pharmacy,17.4420776,78.4394827
osm_Apollo Pharmacy_pharmacy,Apollo Pharmacy,pharmacy,17.3943751,78.4402258
osm_Apollo Pharmacy_pharmacy,Apollo Pharmacy,pharmacy,17.3944463,78.4393173
osm_Pharmacie Principale_pharmacy,Pharmacie Principale,pharmacy,17.5231314,78.4186474
osm_Apollo Pharmacy_pharmacy,Apollo Pharmacy,pharmacy,17.4996381,78.4159707
osm_MedPlus_pharmacy,MedPlus,pharmacy,17.3474309,78.5475616
osm_Maruthi Medicals_pharmacy,Maruthi Medicals,pharmacy,17.516822,78.442528
osm_Thirumala Medical Store_pharmacy,Thirumala Medical Store,pharmacy,17.4387545,78.4989416
osm_Apollo Pharmacy_pharmacy,Apollo Pharmacy,pharmacy,17.4415512,78.4455082
osm_MedPlus_pharmacy,MedPlus,pharmacy,17.4979489,78.3573789
osm_Sarala Medical & General Stores_pharmacy,Sarala Medical & General Stores,pharmacy,17.496975,78.3593012
osm_RK Medical & General Store_pharmacy,RK Medical & General Store,pharmacy,17.516978,78.441857
osm_Devi Medicals_pharmacy,Devi Medicals,pharmacy,17.3644493,78.5260624
osm_Surya Medicals_pharmacy,Surya Medicals,pharmacy,17.3642386,78.526155
osm_Apollo Pharmacy_pharmacy,Apollo Pharmacy,pharmacy,17.4294537,78.5519724
osm_Apollo Pharmacy_pharmacy,Apollo Pharmacy,pharmacy,17.4084509,78.5697782
osm_Apollo Pharmacy_pharmacy,Apollo Pharmacy,pharmacy,17.4081942,78.5698759
osm_MedPlus_pharmacy,MedPlus,pharmacy,17.5218445,78.3965734
osm_Apollo Pharmacy_pharmacy,Apollo Pharmacy,pharmacy,17.4075739,78.5564959
osm_Apollo Pharmacy_pharmacy,Apollo Pharmacy,pharmacy,17.3619731,78.5303894
osm_Aditya Pharmacy_pharmacy,Aditya Pharmacy,pharmacy,17.5055606,78.3621528
osm_MedPlus_pharmacy,MedPlus,pharmacy,17.4921664,78.3317723
osm_Apollo Pharmacy_pharmacy,Apollo Pharmacy,pharmacy,17.4955697,78.4645568
osm_MedPlus_pharmacy,MedPlus,pharmacy,17.4954008,78.4647538
osm_MedPlus_pharmacy,MedPlus,pharmacy,17.4749421,78.3889979
osm_Venkat Pharma Limited_pharmacy,Venkat Pharma Limited,pharmacy,17.4258118,78.4329873
osm_Sai Shanmukha Generic  Medical Stores_pharmacy,Sai Shanmukha Generic  Medical Stores,pharmacy,17.4519282,78.4230145
osm_Hetro Pharamarcy_pharmacy,Hetro Pharamarcy,pharmacy,17.4532419,78.4232995
osm_Apollo Pharmacy_pharmacy,Apollo Pharmacy,pharmacy,17.4545692,78.4235641
osm_Ayurvedic Pharmacy_pharmacy,Ayurvedic Pharmacy,pharmacy,17.44846,78.4327178
osm_Esra Pharmacy_pharmacy,Esra Pharmacy,pharmacy,17.3565667,78.4736855
osm_Medical shop_pharmacy,Medical shop,pharmacy,17.3479048,78.4740491
osm_Apollo Pharmacy_pharmacy,Apollo Pharmacy,pharmacy,17.44089,78.4348089
osm_MedPlus_pharmacy,MedPlus,pharmacy,17.4235148,78.5475008
osm_Generic Medical Store_pharmacy,Generic Medical Store,pharmacy,17.3677425,78.5273374
osm_Appollo Pharmacy_pharmacy,Appollo Pharmacy,pharmacy,17.4239877,78.4542857
osm_Arogya Medicals_pharmacy,Arogya Medicals,pharmacy,17.4238251,78.4542871
osm_Bhargav Medicals_pharmacy,Bhargav Medicals,pharmacy,17.4237644,78.4543324
osm_Pharma Hub_pharmacy,Pharma Hub,pharmacy,17.3308781,78.5691133
osm_Apollo Pharmacy_pharmacy,Apollo Pharmacy,pharmacy,17.3307768,78.569082
osm_Apollo Pharmacy_pharmacy,Apollo Pharmacy,pharmacy,17.4253638,78.4568762
osm_MedPlus_pharmacy,MedPlus,pharmacy,17.4737001,78.5508008
osm_MedPlus_pharmacy,MedPlus,pharmacy,17.4739603,78.5510183
osm_Mesan pharmacy diagnostics_pharmacy,Mesan pharmacy diagnostics,pharmacy,17.4746371,78.5512742
osm_Janani General store_pharmacy,Janani General store,pharmacy,17.4732489,78.5507604
osm_Appolooo_pharmacy,Appolooo,pharmacy,17.5024987,78.3937554
osm_Apollo Pharmacy_pharmacy,Apollo Pharmacy,pharmacy,17.4288809,78.4095046
osm_MedPlus_pharmacy,MedPlus,pharmacy,17.5113426,78.4064938
osm_Sirisha First Aid Center_pharmacy,Sirisha First Aid Center,pharmacy,17.5111748,78.4065406
osm_Apollo Pharmacy_pharmacy,Apollo Pharmacy,pharmacy,17.3939356,78.509635
osm_Sree Adithya Pharmacy_pharmacy,Sree Adithya Pharmacy,pharmacy,17.506851,78.4286396
osm_Apollo Pharmacy_pharmacy,Apollo Pharmacy,pharmacy,17.3510464,78.5650502
osm_Anukar Pharmacy_pharmacy,Anukar Pharmacy,pharmacy,17.4229037,78.4548004
osm_Haryansh Pharmacy_pharmacy,Haryansh Pharmacy,pharmacy,17.4486131,78.3608508
osm_MedPlus_pharmacy,MedPlus,pharmacy,17.4485611,78.3610651
osm_Apollo Pharmacy_pharmacy,Apollo Pharmacy,pharmacy,17.4358471,78.4445129
osm_Swathi medical shop_pharmacy,Swathi medical shop,pharmacy,17.4938765,78.4517467
osm_Apollo Pharmacy_pharmacy,Apollo Pharmacy,pharmacy,17.4057192,78.5112743
